student_id,name,email,dob,country,id_number,consent_given
S0000,Allison Hill,donaldgarcia@example.net,2006-01-30,Benin,605-55-0521,True
S0001,Daniel Wagner,hoffmanjennifer@example.net,2001-07-26,Cyprus,460-76-4558,True
S0002,Abigail Shaffer,jpeterson@example.org,2006-12-04,Guadeloupe,105-12-6225,False
S0003,Ryan Munoz,blairamanda@example.com,1995-07-05,French Polynesia,850-81-5926,True
S0004,Michele Williams,kendragalloway@example.org,2005-09-30,Hong Kong,285-59-5978,True
S0005,Henry Santiago,lynchgeorge@example.net,1997-08-31,Kyrgyz Republic,389-35-9126,True
S0006,Frederick Tate,perezantonio@example.com,1999-09-12,Bahrain,217-73-5156,True
S0007,Jonathan Wilkerson,ithomas@example.org,2004-03-02,Mauritania,270-96-9578,True
S0008,Kevin Cox,williamdavis@example.org,2005-09-04,Cape Verde,643-21-6917,False
S0009,Janice Carlson,jrice@example.org,2003-04-29,Brazil,699-69-4372,True
S0010,Gina Carter,shawnmckay@example.net,1997-11-27,Macao,781-23-8318,True
S0011,Sheila Evans,ericfarmer@example.net,2006-11-17,Uzbekistan,544-01-9814,True
S0012,Alec Hickman,john39@example.org,1995-08-06,Libyan Arab Jamahiriya,836-09-8728,True
S0013,Betty Alvarez,josephbrennan@example.com,2007-01-07,Vanuatu,553-97-3296,True
S0014,Jennifer Powers,samuel87@example.org,1997-09-15,Bahrain,347-03-9639,True
S0015,Leah Smith,perezrebecca@example.com,1995-05-28,Dominica,286-86-7954,True
S0016,Carlos Walls,esanchez@example.com,1996-12-16,Bhutan,675-56-5805,False
S0017,John Daniel,brownjessica@example.org,1997-09-18,Comoros,550-58-2297,True
S0018,Donald Wright,ramosmichelle@example.net,1995-10-03,Pakistan,554-02-1529,False
S0019,Sarah Martin,zolson@example.org,1996-08-15,Afghanistan,400-34-7455,False
S0020,Michael Cross,smoore@example.org,2007-01-28,Mozambique,754-70-0999,True
S0021,Amy Silva,brianromero@example.org,1995-05-17,Bangladesh,692-31-6616,True
S0022,Steve Sanchez,harveyrobert@example.net,2001-10-30,Germany,268-27-5148,False
S0023,James Powers,stephen10@example.com,2002-07-23,Mongolia,103-10-8809,False
S0024,Derek Mahoney,suarezmike@example.org,2000-03-06,Mayotte,721-39-8667,False
S0025,Robert Evans,mcmillandennis@example.org,2006-01-18,Samoa,567-20-4463,True
S0026,Daniel Cooper,william40@example.org,2002-09-23,Switzerland,284-06-0059,True
S0027,Carlos Whitney,joycearnold@example.com,2001-10-10,Bouvet Island (Bouvetoya),078-89-2443,False
S0028,Sandra Aguilar,russellwilliams@example.com,2006-03-03,South Africa,882-06-5863,True
S0029,David Garcia,vdickson@example.org,2006-07-08,Dominica,886-21-2901,True
S0030,Allison Doyle,kimberly63@example.com,1996-07-20,Reunion,111-49-0635,False
S0031,Courtney Velasquez,ybailey@example.org,1997-05-19,Palestinian Territory,198-52-5379,True
S0032,Benjamin Ayala,darlene68@example.com,2006-09-10,Brazil,899-34-2926,False
S0033,Victoria Johnson,yreed@example.com,2000-02-26,Malawi,119-50-9447,False
S0034,Andrew Graham,michaeljones@example.net,2006-06-14,Nigeria,322-85-2042,False
S0035,Elizabeth Parker,snguyen@example.com,2001-09-09,Congo,431-86-6212,True
S0036,Stephanie Gilbert,richard04@example.com,1997-03-19,Solomon Islands,594-78-5280,False
S0037,Jeremy Lewis,yleon@example.net,1996-09-08,Belize,291-66-5492,True
S0038,Trevor Young,jeffrey32@example.org,1995-01-31,Lebanon,626-99-1194,False
S0039,Stephen Johnston,psnyder@example.org,2003-01-04,Albania,769-99-1747,True
S0040,Colleen Brock,pwilliams@example.org,2000-06-01,Spain,476-86-8703,False
S0041,Linda Dodson DVM,jrivas@example.com,2006-02-22,Samoa,883-61-7374,False
S0042,David Walsh,rsims@example.com,1995-06-28,France,241-35-5503,True
S0043,Joshua Taylor,patrickhernandez@example.org,1995-04-26,Ireland,339-70-7634,True
S0044,Daniel Fisher,gateskathy@example.com,2000-09-06,Western Sahara,361-39-6390,True
S0045,Tiffany Barnes,tracynelson@example.com,1994-11-10,Guadeloupe,685-87-6625,True
S0046,Sara Calhoun,meadowsbrittany@example.net,1994-11-01,Norway,439-18-7565,False
S0047,David Murphy,wmurphy@example.com,1998-02-06,Zambia,852-54-4134,True
S0048,Julie Curry,cookemichael@example.net,1995-05-17,Pakistan,042-97-0509,True
S0049,Christina Smith,johnwells@example.org,2001-10-24,Cuba,477-90-4199,True
S0050,Carol Lawson,stricklandfrank@example.com,1995-11-21,Anguilla,320-74-6150,False
S0051,Miguel Jones,curtisbarton@example.net,2002-04-15,British Indian Ocean Territory (Chagos Archipelago),816-73-0673,False
S0052,Jeffrey Wood,alexander67@example.org,2000-02-13,Guyana,651-59-2507,False
S0053,Nicholas Sheppard,christina87@example.com,2000-02-23,Saint Martin,607-35-5281,False
S0054,Sandra Miller,dsanchez@example.net,2002-06-01,Hong Kong,345-04-8099,True
S0055,Catherine Lewis,matthew94@example.net,1994-08-13,Yemen,196-11-3955,False
S0056,Katherine Chang,fbrewer@example.com,2004-10-15,Bermuda,302-29-6626,False
S0057,Elizabeth Perkins,wtran@example.com,2007-06-10,Mexico,339-46-7435,True
S0058,David Martinez,leslienewton@example.net,1996-11-21,Cuba,757-62-4531,False
S0059,Vanessa Warren,tina34@example.org,1999-03-05,Gabon,015-91-8752,True
S0060,Angel Brown,heidi27@example.org,2005-10-29,Montserrat,292-61-7844,True
S0061,Cody Williams,ewilson@example.com,2000-11-15,Morocco,645-88-0879,True
S0062,Robert Avery,mcknightdavid@example.com,2002-05-13,Somalia,634-29-8562,True
S0063,Terry Evans,ntorres@example.org,2002-05-29,Saint Vincent and the Grenadines,102-98-3405,False
S0064,Deborah Miller,glennjones@example.org,1999-10-17,Portugal,609-61-4772,False
S0065,Dwayne Campbell,ojones@example.com,2004-09-21,Niue,604-85-3242,False
S0066,Joshua Holland,margaret10@example.org,2004-10-14,Nepal,767-73-4729,True
S0067,John Torres,gbender@example.net,2000-11-25,Belgium,613-06-7079,False
S0068,Lindsey Johnson,suzannehuff@example.net,2002-02-11,Angola,784-87-4416,True
S0069,Pamela Thompson,lmoon@example.net,2000-02-24,Suriname,504-12-7701,True
S0070,Gary Santiago,marksteele@example.com,2003-02-04,Iran,834-98-9013,True
S0071,Brandon King,cordovarichard@example.net,2005-03-16,Afghanistan,674-70-7570,False
S0072,Cody Cox,wgarrett@example.org,1997-02-16,Mexico,135-37-7179,False
S0073,Kari Johnson,jennifercollins@example.org,2001-08-30,Bermuda,231-15-7561,False
S0074,Maria Moore,william46@example.com,2007-03-24,Ecuador,468-71-2370,True
S0075,Thomas Romero,michellehill@example.com,1998-11-25,Solomon Islands,520-35-0043,True
S0076,Edwin Matthews,cgrimes@example.net,2000-10-11,Grenada,566-98-8904,False
S0077,Timothy Kane,ashleyhall@example.com,1995-01-19,Samoa,485-91-6247,True
S0078,Matthew Hoover,tylerjohnson@example.net,2007-01-12,Greenland,891-13-7214,False
S0079,Thomas Smith,robertpena@example.org,1995-06-16,Slovenia,272-44-6513,False
S0080,Sarah Phelps,ofinley@example.net,2006-01-07,Libyan Arab Jamahiriya,894-70-0589,False
S0081,Cynthia Cohen,wendy16@example.org,2004-05-14,Romania,894-13-7270,True
S0082,Elijah Johnson,laura45@example.com,2000-01-30,Ecuador,544-53-9273,False
S0083,Catherine Thompson,pharvey@example.com,2006-05-08,Cambodia,238-60-4162,True
S0084,Michael Nolan,rsantana@example.net,1996-07-15,Kenya,354-76-4902,True
S0085,Jessica Wright,james67@example.org,1997-07-26,Montserrat,368-74-4848,False
S0086,Elizabeth Spence DDS,alan09@example.net,2000-12-09,United Kingdom,294-30-9947,False
S0087,Colleen Lee,erica21@example.net,2002-11-19,Georgia,808-57-0547,False
S0088,Morgan Davis,mark62@example.org,1996-03-14,Mauritius,898-47-8698,False
S0089,Denise Martin,scoffey@example.net,2005-10-18,Spain,118-60-1234,True
S0090,Vincent Dalton,zcoffey@example.net,1999-03-28,Somalia,405-02-4333,True
S0091,Jordan Chambers,brenda51@example.net,1997-07-10,Anguilla,635-72-5375,False
S0092,Connie Brown,tblankenship@example.net,1999-10-16,Burundi,047-05-4987,True
S0093,Audrey Young DDS,qchavez@example.net,2003-07-15,Mauritius,430-76-2532,True
S0094,Mary Bass,rcrosby@example.org,2003-06-16,Cuba,455-57-3869,True
S0095,Ariana Jennings,bruce43@example.org,2006-10-26,Swaziland,466-12-3476,True
S0096,Linda Smith,john29@example.org,1995-05-17,Serbia,568-27-9608,True
S0097,Sergio Murphy,kristinacarlson@example.com,2005-08-22,Cameroon,134-70-4107,False
S0098,Ashley Delacruz,alexistyler@example.org,2002-02-19,Andorra,179-34-0859,True
S0099,Jason Wilson,alvarezkimberly@example.net,2002-03-14,Korea,516-29-0711,False
S0100,Susan Hopkins,stephen00@example.com,2005-06-30,Japan,703-14-8033,False
S0101,Jill Lam,charlene12@example.com,2002-08-07,Myanmar,562-92-5328,False
S0102,Kyle Phillips,sgarcia@example.org,2005-07-27,Pakistan,899-99-9034,False
S0103,Cindy Hayes,robertwilcox@example.com,1999-11-22,Bhutan,321-55-5121,True
S0104,Jacqueline Hernandez,fjones@example.org,2000-02-05,Samoa,757-48-2132,True
S0105,Laurie Hoffman,elizabeth65@example.net,2006-09-19,Jamaica,889-93-0843,False
S0106,Lindsay Bell,ericolson@example.org,1999-01-13,Moldova,377-15-4565,False
S0107,Renee Bruce,lynchdiane@example.net,1997-12-16,Cocos (Keeling) Islands,280-90-5063,True
S0108,Heather White,ashleymorales@example.org,2004-02-12,Antarctica (the territory South of 60 deg S),094-96-8692,False
S0109,Jason Peterson,larry59@example.net,1995-08-03,Austria,160-21-0816,False
S0110,Denise Stanley,alawson@example.com,1997-04-14,Malaysia,117-45-7044,True
S0111,Michael Watkins,brandon69@example.org,1994-08-01,Gabon,217-99-2249,False
S0112,Donna Wilson,lburgess@example.org,1999-06-05,Romania,236-65-9155,True
S0113,Renee Jones,grahamsteve@example.org,2005-09-09,Morocco,440-74-6627,False
S0114,Jennifer Wilson,burchgeorge@example.net,2000-06-18,Portugal,371-12-7156,True
S0115,Dana Chapman,fosterkyle@example.com,1997-05-13,Slovakia (Slovak Republic),173-10-8364,True
S0116,Kerry Lee,michael23@example.org,1996-05-21,Congo,178-78-2505,False
S0117,Mary Thompson,kmarshall@example.net,2000-04-26,Uzbekistan,579-83-5296,True
S0118,Lori Hernandez,harrisoncrystal@example.com,2002-03-04,Guinea,520-10-5086,True
S0119,Andrew Wood,chase19@example.net,2001-01-27,Kyrgyz Republic,595-71-0673,False
S0120,Robert Pearson,cassidy82@example.org,2000-05-04,Sudan,858-44-1382,True
S0121,Carrie Wright,hritter@example.net,2002-05-30,Haiti,382-37-6348,True
S0122,George Harper,cameron18@example.net,1999-07-05,El Salvador,742-85-9875,False
S0123,Felicia Aguilar,sabrinacollins@example.net,2003-07-25,India,133-77-1389,False
S0124,James Conner,elizabethcalderon@example.net,2007-06-12,United States Minor Outlying Islands,540-12-6938,True
S0125,Alicia Parker,matthewmiranda@example.org,1997-06-05,Burundi,159-10-4847,True
S0126,Ashley Wise,stanleynancy@example.net,1996-03-09,Honduras,158-21-2963,False
S0127,Patricia Lamb,jenniferwilliams@example.com,2003-04-11,Dominica,455-79-4669,False
S0128,Rachel Young,kylestokes@example.com,2006-03-27,Congo,377-87-9346,True
S0129,Mrs. Diane Reyes,mburch@example.net,1996-04-13,El Salvador,054-83-7874,True
S0130,Kristen Garcia,mitchellkathryn@example.com,2000-04-28,Malaysia,151-56-1503,True
S0131,Courtney Hayes,sarah60@example.com,2001-01-03,Dominica,396-11-6143,True
S0132,Fernando Garcia,lacey20@example.com,2006-05-29,Latvia,713-18-7686,True
S0133,Aaron Miller,jason28@example.net,2002-05-25,Jamaica,114-37-3894,False
S0134,Anthony Barnes,fbrown@example.net,2001-06-14,Norfolk Island,528-74-3964,True
S0135,Doris Smith,john62@example.net,2003-03-03,Malta,370-09-8619,True
S0136,Rachel Romero,myerstheodore@example.net,1999-07-06,Holy See (Vatican City State),260-96-0267,True
S0137,Austin Allen,ingramjill@example.com,1996-03-20,Guinea,560-44-2869,False
S0138,Melinda Pollard,zwelch@example.org,1995-04-21,Singapore,469-05-4808,True
S0139,Rick Blackwell,sarah86@example.net,2000-08-20,Argentina,772-83-3132,False
S0140,Scott Williams,joshua56@example.com,2004-02-23,Ukraine,396-44-3061,False
S0141,Jonathan Glass MD,acostachristian@example.net,2007-06-02,Cocos (Keeling) Islands,559-38-5263,True
S0142,Garrett Phillips,bmorrison@example.org,2003-06-14,Guernsey,458-06-5777,True
S0143,Jessica Fowler,jonesdana@example.com,2001-02-25,San Marino,696-21-0511,False
S0144,Lawrence Harrington,martinezjoel@example.net,1999-03-31,Hungary,581-05-9914,False
S0145,Jerry Watson,khines@example.org,2001-05-13,Indonesia,322-84-4567,False
S0146,Brian Fitzgerald,jholmes@example.org,1997-11-19,Eritrea,721-58-3516,False
S0147,Donna Hendricks DDS,taylorcharles@example.org,2006-03-01,Kenya,090-88-5237,False
S0148,Michelle Pierce,patricia22@example.com,2001-02-04,British Virgin Islands,206-18-3879,True
S0149,Allison Spencer,tanner82@example.net,2005-12-23,Bahrain,317-51-7843,True
S0150,Patricia Morrow,martinezlogan@example.org,2000-05-01,Pitcairn Islands,530-45-2103,True
S0151,Penny Bowman,katrinaanderson@example.net,2006-04-28,Azerbaijan,852-16-8489,True
S0152,Christopher Morris,michaeleverett@example.com,2005-06-24,El Salvador,202-82-9025,False
S0153,Mario Mendez,shawgary@example.net,1996-06-27,Palestinian Territory,640-93-9915,True
S0154,Thomas Williams,millerstacy@example.net,1997-12-03,Cote d'Ivoire,786-74-6826,True
S0155,Amanda Small,dawn47@example.org,2004-12-10,Poland,416-39-7431,True
S0156,Anthony Gonzales,vmarshall@example.net,1996-05-08,Tokelau,736-41-5659,True
S0157,Bianca Wood,floressteven@example.com,2000-04-29,Cambodia,100-07-4755,True
S0158,Sharon Barnes,lisapeck@example.net,1998-07-19,Serbia,164-64-8434,True
S0159,Shawn Jimenez,landrywilliam@example.org,1997-04-12,Guinea,050-07-4610,True
S0160,Stephen Pena MD,booneryan@example.com,2003-12-10,Serbia,413-47-0742,True
S0161,Kelly Lee,charles87@example.net,1998-02-13,Nigeria,697-79-1947,True
S0162,Brent Brooks,angela52@example.org,2002-04-25,Iran,513-06-0743,False
S0163,Micheal Brock,ghernandez@example.org,1998-09-30,New Zealand,327-21-6439,True
S0164,Nancy Evans MD,terickson@example.com,2005-02-01,Heard Island and McDonald Islands,340-87-1796,True
S0165,Lauren Robles,carlsonjoseph@example.net,2004-08-29,Singapore,593-74-3729,False
S0166,Lauren Jackson,rhernandez@example.org,1994-11-22,Yemen,718-15-3126,False
S0167,Erik Hernandez,roberthampton@example.com,2005-10-30,Saint Pierre and Miquelon,745-08-2263,True
S0168,Kristina Bolton,ufox@example.org,2000-06-16,Martinique,351-70-5805,True
S0169,Sharon Becker,chelsea33@example.com,2001-09-26,Czech Republic,305-99-4736,False
S0170,Melissa Burns,ybailey@example.net,1998-01-14,British Virgin Islands,588-87-8900,True
S0171,William Cardenas,kellyroberts@example.net,1995-07-06,Uzbekistan,453-84-4202,False
S0172,Cindy Clayton,sarah42@example.org,2002-06-27,Namibia,246-32-0832,False
S0173,Kiara Little,garciamark@example.com,1995-10-16,Sierra Leone,141-01-9017,True
S0174,Brooke Delgado,mwoods@example.com,1998-08-28,Oman,061-99-1466,True
S0175,Crystal Rodgers,gentrygregory@example.org,2006-08-16,Argentina,857-51-8117,True
S0176,Paul Brennan,nancy04@example.net,2002-04-27,Vanuatu,344-37-7445,False
S0177,Kimberly Snyder DVM,znelson@example.org,1998-10-13,Saint Martin,470-83-4216,False
S0178,Alexis Rogers,ashley32@example.net,2005-08-11,Ukraine,416-55-8443,False
S0179,James Davis,thomasboyle@example.org,1997-11-15,Dominica,458-97-4375,False
S0180,Elizabeth Sharp,greenmichael@example.org,1995-04-16,British Indian Ocean Territory (Chagos Archipelago),477-40-2617,False
S0181,Jonathan Jacobson,hannah45@example.net,1997-05-09,Burkina Faso,490-20-7455,True
S0182,Lisa Perry,ztodd@example.net,2005-03-19,Serbia,254-88-9762,True
S0183,Angela Griffin,christian91@example.org,2005-04-04,United Kingdom,518-26-9384,True
S0184,Carmen Bond,nwilson@example.net,2002-01-23,Bermuda,523-58-0912,False
S0185,Jose Bryant,hansenemily@example.com,2003-11-20,Indonesia,261-01-3571,False
S0186,Amber Cooper,weaverbrian@example.org,2007-04-21,Latvia,033-37-6699,True
S0187,Chad May,ybrooks@example.com,2005-10-14,United States of America,387-49-1315,True
S0188,Mary Ryan,david86@example.net,1996-02-20,Czech Republic,855-01-0373,True
S0189,Julie Ball,opatel@example.org,2000-06-21,Cape Verde,283-25-1849,True
S0190,Matthew Mendez,allencarlos@example.net,1994-12-02,Netherlands Antilles,689-91-0798,False
S0191,Andrew Gonzales,karenparsons@example.org,2001-01-12,French Guiana,240-94-9439,True
S0192,Kyle Chambers,joel28@example.org,1999-11-10,Falkland Islands (Malvinas),063-72-9694,False
S0193,Susan Garrett,dpeters@example.com,2006-09-21,Paraguay,391-68-5223,True
S0194,Jennifer Evans,karenwells@example.org,1998-05-23,Russian Federation,148-60-0945,False
S0195,Tracy Grant,paulscott@example.com,2002-11-21,Uzbekistan,461-48-1515,False
S0196,Sandra Williams,mnunez@example.org,2005-11-02,Comoros,824-98-9627,True
S0197,Kristin Mendoza,kevin03@example.org,2006-12-27,British Indian Ocean Territory (Chagos Archipelago),765-97-7847,True
S0198,Melissa Padilla,jherman@example.com,2004-07-25,Hong Kong,478-69-5887,False
S0199,Ian Andrade,ugarcia@example.com,2004-05-20,Ghana,209-48-5127,True
S0200,Justin Walker,allentran@example.net,2002-01-04,Israel,303-20-3215,True
S0201,James Whitaker,rpierce@example.com,1997-10-29,Swaziland,501-93-8038,True
S0202,Nicholas Bell,jenniferfreeman@example.net,2007-05-11,Bahamas,537-05-1218,True
S0203,Mary Duran,otaylor@example.org,1995-05-14,Canada,010-28-8286,True
S0204,Antonio Little,bhopkins@example.org,2001-05-26,Isle of Man,013-03-8674,True
S0205,Kimberly Mitchell,ldrake@example.org,2006-06-01,Malta,153-31-3145,False
S0206,Dawn Gomez,zmiller@example.com,2001-10-29,Qatar,232-39-1321,False
S0207,Shannon Malone,sullivannicholas@example.com,1995-03-19,Algeria,720-22-1355,False
S0208,Mr. Richard Knight PhD,jacobsonsamantha@example.org,1997-03-25,Trinidad and Tobago,709-73-7791,True
S0209,Thomas Cohen,rachel90@example.org,2006-07-22,Germany,017-27-9618,False
S0210,Robert Nicholson,evansanne@example.net,2005-05-01,Iceland,694-70-5436,True
S0211,Patrick Gibbs,masonterri@example.org,1995-10-02,Djibouti,859-10-5581,True
S0212,Lisa Larson,anthony47@example.com,1997-06-13,Micronesia,385-56-3044,False
S0213,Mary Miller,lauren11@example.com,1996-06-27,Rwanda,803-82-2528,True
S0214,Emily Rodriguez,hahnsean@example.com,1995-10-24,Benin,192-56-7354,False
S0215,Kayla Garcia,gomezchristopher@example.net,2004-09-05,Tonga,395-02-4782,False
S0216,Richard Hardy,ashleyjackson@example.com,1996-09-07,Ethiopia,309-35-8080,False
S0217,Christopher Hill,todd15@example.com,2006-10-04,Saint Helena,641-64-9729,False
S0218,Judith Taylor,rushmartin@example.net,1999-06-03,Tokelau,338-57-5485,False
S0219,Rodney Curtis,kevinmorrison@example.net,1997-02-03,Germany,182-51-5229,False
S0220,Michael Henry,markramirez@example.com,1999-03-25,Venezuela,578-26-9704,True
S0221,Catherine Saunders MD,nhahn@example.com,2004-11-07,Switzerland,710-09-6704,True
S0222,Brenda Turner,donna66@example.org,2000-04-27,Netherlands Antilles,491-75-6567,False
S0223,Tammy Kane,ystephens@example.com,2003-08-09,Sudan,550-77-1393,True
S0224,David Ortega,deborahwilliams@example.net,2003-04-16,Iran,771-43-7053,True
S0225,Brett Walker,seanmyers@example.net,2002-02-18,Macao,155-45-0403,True
S0226,Mr. Thomas Miller,michaelcooper@example.org,2001-04-04,Guernsey,488-13-7179,False
S0227,Jodi Jones,patrickdarin@example.com,2002-11-27,Philippines,820-22-3997,True
S0228,Kristen Rivera,omullen@example.com,2002-09-02,Colombia,656-85-7081,True
S0229,Omar Ware,yvargas@example.org,2003-08-24,Costa Rica,286-97-1026,False
S0230,Rebecca Herrera,mark71@example.com,2003-03-15,Liechtenstein,541-82-5135,True
S0231,Lisa Matthews,michael79@example.org,2005-01-22,Romania,820-39-9670,True
S0232,Cesar Wilson,daryl52@example.net,1999-07-14,Nepal,142-74-6287,True
S0233,John Medina,angelaburns@example.org,1996-11-30,Tajikistan,462-80-0879,True
S0234,Tiffany Washington,lisamaynard@example.net,2002-12-21,Ireland,702-63-6810,True
S0235,Jill Jackson,flynnjeffrey@example.org,1998-01-21,Mauritania,296-22-7493,True
S0236,Patricia Simpson,armstrongjoseph@example.net,2005-03-08,Haiti,556-97-0682,True
S0237,Jessica Robinson,pgarcia@example.org,1998-05-09,Antigua and Barbuda,461-34-5712,False
S0238,Angie Grimes,rowejoel@example.net,2002-02-15,Guernsey,882-91-9999,True
S0239,Carol Taylor,lisatrujillo@example.net,1999-01-16,Fiji,612-69-2759,True
S0240,Michael Roberts,stephanie81@example.org,2006-12-31,Solomon Islands,422-08-4544,True
S0241,Beth Cline,dustinmorris@example.org,2004-05-19,Philippines,403-63-2330,True
S0242,Debra Perry,yjones@example.org,1999-09-20,San Marino,285-89-6047,False
S0243,John Perkins,simonstephen@example.net,2003-07-19,Thailand,065-69-6517,False
S0244,Jeffrey Lewis,marcus45@example.net,2001-12-30,Mongolia,873-63-5632,False
S0245,Pamela Williams,ksmith@example.com,2000-06-01,Japan,208-89-2162,True
S0246,Elizabeth Baxter,clarence54@example.org,1999-04-26,United Kingdom,665-22-0849,False
S0247,Eric Lyons,rubendavis@example.org,1994-07-01,Lesotho,080-17-9727,True
S0248,Michael Smith,lisa62@example.com,1995-05-28,Hungary,092-94-1679,False
S0249,Jacob Evans,wayala@example.org,2002-10-28,Philippines,147-09-8692,False
S0250,Lisa Martin,jennifer26@example.net,2003-05-29,Tokelau,223-12-1647,True
S0251,Bryce Blair,sylvia52@example.org,1998-01-31,Belize,255-71-9847,False
S0252,Lisa Maxwell,abbottdominique@example.com,1997-02-25,New Caledonia,522-25-6419,False
S0253,Anthony Hurst,troyrodriguez@example.com,2002-10-11,Barbados,541-02-5917,False
S0254,Bonnie Valencia,rdiaz@example.org,2004-05-25,Zimbabwe,789-10-0274,True
S0255,Alexis Lewis,fryraymond@example.com,2002-08-27,Macao,786-54-6940,True
S0256,Angela Herrera,joshuacollins@example.net,2006-06-15,Sri Lanka,160-69-5354,False
S0257,Mark Davenport,collinssamuel@example.org,1995-03-27,Benin,445-15-7429,True
S0258,Amy Wade,davidzimmerman@example.net,1994-08-18,Luxembourg,356-67-8475,True
S0259,Michelle Jackson,karamarks@example.net,2006-01-02,Sierra Leone,031-43-7035,True
S0260,Austin Joseph,crawfordwilliam@example.org,2000-12-23,Montenegro,171-48-2578,False
S0261,Brian Berry,perezwilliam@example.org,2005-08-24,American Samoa,251-06-7730,True
S0262,Thomas White,tranrobin@example.net,2003-01-03,Czech Republic,330-32-6820,False
S0263,Erica Mckenzie,david02@example.org,2004-12-08,Aruba,411-09-7621,True
S0264,Patricia Collins,tranalan@example.org,1998-04-10,Slovenia,312-95-3975,True
S0265,Kevin Snyder,jessicapayne@example.org,1996-06-09,Venezuela,420-04-3818,False
S0266,Makayla Steele,tapiaaaron@example.net,1999-05-17,Saint Pierre and Miquelon,745-40-1704,False
S0267,William Barnes,kaufmandouglas@example.com,1995-09-10,Uruguay,238-67-6768,True
S0268,Jacqueline Villegas,carpenterwilliam@example.net,2005-02-21,Belarus,607-73-1021,False
S0269,Victor Young,melissa65@example.com,2000-05-14,Djibouti,077-26-2231,False
S0270,Lauren Moore,shannonedwards@example.org,2001-06-13,Sierra Leone,213-58-5052,True
S0271,Samuel Davis,margaret90@example.org,2005-05-07,Greece,152-12-4067,False
S0272,Jennifer Williams,jorge20@example.com,2005-08-04,Moldova,767-71-4094,True
S0273,Brian Leon,smithmaria@example.org,1996-03-07,Swaziland,411-48-1377,True
S0274,Deanna Hess,osbornjames@example.net,2000-03-31,Brunei Darussalam,095-43-2008,False
S0275,Joel Jackson,zunderwood@example.com,1994-11-12,Pitcairn Islands,437-23-5800,True
S0276,Cody Ramirez,austinharvey@example.org,2002-11-24,Luxembourg,422-71-7849,True
S0277,Douglas Taylor,dawnrobles@example.org,2002-09-06,Spain,557-03-6267,True
S0278,Heather Stephens,kcooper@example.net,1998-08-30,Faroe Islands,185-04-5225,False
S0279,Alyssa Cochran,brian78@example.com,2004-06-13,Djibouti,164-13-4061,False
S0280,Deborah Velasquez,gallagherstacie@example.net,2005-06-27,South Georgia and the South Sandwich Islands,398-46-2847,True
S0281,Kevin Drake,robin05@example.net,2001-10-23,Mongolia,193-64-8883,False
S0282,John Davis,carolynsmith@example.com,1994-06-29,United States Virgin Islands,629-26-2138,True
S0283,Christopher Lang,brian29@example.net,2006-05-28,Singapore,114-68-5979,False
S0284,Jacqueline Mcmahon,vwillis@example.com,1998-09-04,Cayman Islands,750-56-7983,False
S0285,Carrie Novak,jeffrey92@example.com,1998-06-21,Portugal,302-17-2912,False
S0286,Tiffany Fry,xrosales@example.net,1994-11-26,Netherlands,326-79-3620,True
S0287,Ashley Crawford,julie35@example.com,1996-08-31,Turks and Caicos Islands,091-91-5501,True
S0288,Derek Wright,bellkristin@example.net,1994-07-02,Hungary,449-94-6876,False
S0289,Stacey Snyder,ybell@example.org,2005-04-04,Solomon Islands,885-74-3696,False
S0290,Benjamin Singleton,andrew41@example.org,1998-12-04,Tuvalu,385-21-1229,True
S0291,Stephanie Davis,bbush@example.net,1996-08-17,Tuvalu,445-21-0878,True
S0292,Daniel Lee,donna43@example.org,1995-02-16,Montserrat,563-63-2517,False
S0293,Aaron Miller,bgonzalez@example.org,1996-09-14,French Guiana,084-61-1893,True
S0294,James Burns,christopher86@example.org,1999-04-22,Hong Kong,379-24-7304,False
S0295,Jeremiah Baker,anne21@example.org,2003-03-03,Sri Lanka,555-53-9663,True
S0296,Antonio Hughes,rsheppard@example.com,2001-12-05,Dominica,488-39-1294,False
S0297,Scott Johnson,davidtodd@example.org,2006-10-27,Chad,217-25-2068,False
S0298,Blake Vega,wendyburton@example.net,1997-11-01,United States Minor Outlying Islands,745-09-1426,True
S0299,James Nguyen,april09@example.net,2001-04-11,Italy,116-54-2452,True
S0300,Kevin Chang,buckleyanna@example.org,2004-09-11,Trinidad and Tobago,549-45-6733,True
S0301,Matthew Armstrong,rjohnson@example.com,1996-05-09,New Caledonia,698-89-6582,True
S0302,Steve Rivera,brandonalvarez@example.com,2006-02-22,Angola,346-39-5095,True
S0303,John Horton,comptonjeremy@example.com,2007-02-23,Kenya,793-42-4415,False
S0304,Lisa Davis,alewis@example.net,2000-10-12,Maldives,889-48-0921,True
S0305,Caitlin Collins,htaylor@example.net,1994-11-10,Congo,897-26-0945,False
S0306,Jesus Hull,joshuacolon@example.net,1999-08-23,Uzbekistan,127-88-0501,True
S0307,John Griffin,wmatthews@example.com,1996-08-10,Uganda,265-96-1481,True
S0308,James Martin,mercedesholland@example.net,1997-03-03,Pakistan,420-66-0329,False
S0309,Tracy Fleming,pbuck@example.org,2002-04-19,Algeria,230-33-9968,False
S0310,Elizabeth Rasmussen,rodney65@example.com,1997-10-04,Lao People's Democratic Republic,310-87-8531,True
S0311,Jennifer Garcia,anna99@example.com,1998-05-13,Botswana,494-09-5510,False
S0312,Margaret Hensley MD,jacob83@example.org,2004-12-14,Spain,830-77-6621,True
S0313,Melanie Griffith,qbright@example.com,1999-09-29,Saint Pierre and Miquelon,037-75-9373,True
S0314,Grace Reeves,qknox@example.com,2001-01-28,Tanzania,175-85-9147,True
S0315,Brent Anderson,jessica82@example.net,2006-03-06,Palau,092-29-5821,False
S0316,Seth Fisher,nathan94@example.com,2005-07-19,Latvia,055-82-9562,False
S0317,Lisa Kennedy,vincentdillon@example.com,2001-05-15,Isle of Man,056-20-2251,True
S0318,Grace Benitez DVM,tthomas@example.org,2004-08-10,Libyan Arab Jamahiriya,341-81-2898,True
S0319,Anthony Hayes,kathleenjackson@example.org,2000-11-05,Serbia,799-12-2121,True
S0320,Madeline Powell,creyes@example.net,1997-01-27,Holy See (Vatican City State),015-42-8701,True
S0321,Michael Sims,jeremywiley@example.com,1996-02-28,Hungary,516-76-5016,False
S0322,Rodney Evans,stephen89@example.net,1998-11-16,Tuvalu,704-18-5616,True
S0323,Katherine Christensen MD,osmith@example.net,2007-04-15,Croatia,752-03-9662,True
S0324,Barbara Dawson,brooksdanielle@example.net,2002-08-01,Nepal,050-85-1772,False
S0325,Alicia Norris,hwallace@example.net,1997-10-08,Reunion,157-27-0153,False
S0326,Matthew Bates,cindy26@example.org,2001-02-18,Niger,121-37-1868,True
S0327,Kathleen Lynch,marie35@example.net,1999-10-23,Central African Republic,041-71-8133,False
S0328,Melissa Castillo,aaronpowers@example.org,2005-05-04,Paraguay,506-20-1476,True
S0329,Angela Cummings,dawn74@example.com,2000-07-08,Bolivia,833-23-0647,True
S0330,Heather Rhodes,grodgers@example.org,1994-08-10,Burundi,680-83-2794,False
S0331,Steven Friedman,natalie15@example.com,1996-11-10,Iran,410-59-4454,True
S0332,Melissa Mendoza,zbanks@example.org,1995-12-14,Qatar,744-08-2612,False
S0333,Thomas Webb,ywhite@example.com,2002-06-06,Tokelau,701-94-2141,True
S0334,Mr. Stephen Alexander,greenleon@example.net,2005-10-08,Malta,786-96-9448,True
S0335,Courtney Sosa,april91@example.com,2003-01-31,Egypt,494-45-6306,False
S0336,Ronald Mcclain,smithsarah@example.net,2005-07-08,Timor-Leste,508-22-1227,False
S0337,Erica Rivera,brent38@example.net,1999-05-28,Svalbard & Jan Mayen Islands,241-11-7522,False
S0338,Kenneth Miller,hwest@example.com,2004-03-03,Andorra,106-52-6756,True
S0339,Joshua Petersen,pamela83@example.net,2003-03-19,Zambia,350-47-0890,True
S0340,Sarah Rivera,xmoran@example.net,2000-05-13,Bhutan,778-85-3634,True
S0341,Henry Schultz,amy51@example.org,2006-02-21,Lithuania,144-92-6705,True
S0342,Levi Lopez,ylewis@example.org,2003-10-20,Botswana,776-54-0762,False
S0343,Sara Chapman,lellis@example.net,1996-03-26,Luxembourg,005-68-0796,False
S0344,Jessica Richards,heatherthompson@example.org,1995-10-30,Palestinian Territory,615-78-5274,False
S0345,Janice Petty,joshuastuart@example.com,2000-05-15,Burkina Faso,142-53-9872,True
S0346,Nicole Evans,jennifer83@example.org,1997-03-17,Rwanda,298-88-5658,False
S0347,Brandi Page,williambenson@example.com,2003-09-19,Senegal,361-72-7871,False
S0348,Terri Mckinney,natalie60@example.net,1995-11-13,Hong Kong,149-07-0928,False
S0349,Paul Martin,frances20@example.net,2004-09-05,Costa Rica,772-70-0530,False
S0350,Jesse Jensen,juliahoffman@example.org,2001-02-14,South Africa,818-90-4713,True
S0351,Amber James,rfrye@example.com,2007-01-14,Austria,014-96-4118,True
S0352,Sean Dalton,ogreer@example.net,2003-09-15,Heard Island and McDonald Islands,774-76-8956,False
S0353,Christina Hardy,kellythompson@example.net,1995-06-14,China,753-66-1956,True
S0354,Jeffrey Hawkins,eugenesingleton@example.org,1998-10-12,Russian Federation,159-06-2519,False
S0355,Linda Ayala,tracy98@example.com,1995-06-07,Russian Federation,326-68-3604,True
S0356,Kelly Hartman,robertherrera@example.org,1999-01-09,Turks and Caicos Islands,219-85-5438,True
S0357,Edward Clements,wbarajas@example.net,1994-08-06,Paraguay,355-58-3938,False
S0358,Lisa Oliver,flemingmanuel@example.org,1999-07-02,Mauritius,742-37-0405,False
S0359,Samantha Brooks,stucker@example.net,1996-12-26,Malaysia,085-13-2743,False
S0360,Patricia Ferguson,clarkcrystal@example.org,2005-09-22,Jamaica,856-14-3369,False
S0361,Michele Cherry,elucas@example.net,2003-05-27,Anguilla,471-92-5435,True
S0362,Benjamin Thompson,angela93@example.com,1999-10-13,Korea,646-52-7095,False
S0363,James Wilson,maychristine@example.net,2002-02-04,Reunion,869-10-5861,True
S0364,Ashley Buchanan,catherine47@example.com,1999-08-14,Panama,032-61-2562,False
S0365,Brandy Myers,susan24@example.net,2006-01-05,South Africa,888-94-6114,True
S0366,Alexandra Baxter,davidsmith@example.net,1999-08-10,Mexico,088-40-3442,False
S0367,Stephanie Cooper,gwhitehead@example.org,1996-07-29,Cyprus,632-33-3184,True
S0368,Michael Bradley,yorksarah@example.net,2000-06-24,Mexico,075-38-1104,True
S0369,Craig Carpenter,michael31@example.com,2002-07-15,United Arab Emirates,199-41-7961,False
S0370,Luis Torres,arianadiaz@example.com,2006-12-11,Chile,005-41-4034,False
S0371,Michelle Davidson,mary25@example.com,2000-07-01,Guinea-Bissau,794-40-7979,True
S0372,Casey Obrien,michele28@example.org,1997-11-26,Turks and Caicos Islands,642-10-1236,False
S0373,Sarah Welch,nhammond@example.org,2001-08-26,Mayotte,553-61-2436,False
S0374,Daniel Barton,dennis88@example.org,1999-08-22,Macao,011-85-3914,True
S0375,Renee Mendez,katherinetaylor@example.org,1996-10-23,Yemen,580-85-2396,False
S0376,Karen Howard,kathleenhall@example.com,1999-04-15,Armenia,685-27-8486,False
S0377,Heather Harrison,ckeith@example.net,1998-09-11,Romania,534-82-4481,False
S0378,Deborah Stephens,nicholasgray@example.net,2002-12-23,Syrian Arab Republic,080-67-4122,False
S0379,Terry Black,lisa57@example.com,2006-01-06,Albania,514-18-7208,False
S0380,Billy Schneider,edwardmoore@example.net,2003-10-22,British Indian Ocean Territory (Chagos Archipelago),677-30-6794,False
S0381,Michelle Olson,lmendoza@example.org,2002-11-24,Isle of Man,023-32-0707,True
S0382,Kevin Taylor,macdonalddylan@example.org,1997-11-03,Cocos (Keeling) Islands,530-52-9820,True
S0383,Marcia Johns,stacey37@example.net,2007-05-22,Trinidad and Tobago,494-22-3595,False
S0384,Lindsay Norton,cindydixon@example.org,2003-11-24,Guam,465-77-9677,False
S0385,James Anderson,harrismichele@example.net,2003-05-19,Sweden,154-78-1578,True
S0386,Steven Greene,davisdonna@example.net,2001-06-29,Afghanistan,794-87-7070,False
S0387,Jacqueline Williams,zperez@example.com,2004-09-29,Hong Kong,359-76-9440,False
S0388,Cesar Woods,reneemiller@example.net,2005-11-17,Ireland,264-25-0090,True
S0389,Rachel Lane,meyernicholas@example.org,2003-06-04,Germany,419-47-1747,False
S0390,Matthew King,ncunningham@example.com,2007-05-18,Indonesia,774-27-6771,False
S0391,Kristin White,tking@example.net,1998-12-17,Romania,408-95-2263,True
S0392,Mary Adkins,klogan@example.org,1997-04-09,Iran,805-44-9021,False
S0393,Melinda Williams,aoconnell@example.org,2005-03-08,Latvia,615-56-1445,False
S0394,Daniel Miller,ramseysarah@example.com,2002-06-19,Mali,294-92-9789,False
S0395,Raymond Thompson,mgonzales@example.net,2006-08-01,Maldives,293-25-0551,False
S0396,Kayla Hale,emilyward@example.net,1994-06-27,Cayman Islands,089-36-6545,False
S0397,James Willis,mclaughlincasey@example.org,2001-08-17,Saint Kitts and Nevis,850-72-9551,True
S0398,Victor Hill,shawnpowell@example.org,1997-11-16,Ireland,519-14-9153,False
S0399,Edward Arroyo,nancy94@example.net,2000-03-28,Honduras,577-62-3986,True
S0400,Tonya Ellis,bmosley@example.com,1995-12-30,Bangladesh,392-82-3611,True
S0401,Crystal Stewart,zachary04@example.org,1998-03-21,Iran,690-96-5604,False
S0402,Timothy Woods,jeffery94@example.org,2006-10-17,Pitcairn Islands,195-64-3272,False
S0403,David Baker,jameswright@example.net,1999-02-10,Slovakia (Slovak Republic),110-16-1286,True
S0404,Mary Austin,charlesnathan@example.com,2000-11-18,Turkmenistan,589-36-8042,True
S0405,Phillip Dixon,kwalker@example.org,1995-03-10,South Georgia and the South Sandwich Islands,434-62-8860,False
S0406,Gregory Dalton,stephenmartinez@example.net,2000-06-18,Portugal,009-02-3453,True
S0407,Brian Ward,jacob43@example.com,2000-08-10,New Zealand,352-47-3014,True
S0408,Mr. Michael Watson PhD,shannon92@example.net,2003-05-27,Suriname,103-93-4423,True
S0409,Kristi Chase,dustinhaley@example.org,2000-08-18,Algeria,181-54-8186,True
S0410,Steven Mccoy,kristen44@example.net,2005-08-23,Australia,408-13-2677,True
S0411,Robert Woods,colematthew@example.com,1999-03-02,Moldova,830-33-5639,True
S0412,Bryan Dillon,barbarasantos@example.net,1996-10-01,Slovakia (Slovak Republic),292-46-5327,False
S0413,Katherine Doyle,jamesjustin@example.net,2006-12-01,Trinidad and Tobago,172-82-5528,True
S0414,Logan Sullivan,millermatthew@example.com,1998-08-08,French Guiana,728-35-9919,False
S0415,Denise Wallace,julie87@example.com,1996-08-28,Timor-Leste,024-17-3845,False
S0416,Teresa Haynes,clarkrandy@example.org,1995-04-24,Turkey,485-71-0882,True
S0417,James Hubbard,garciachristine@example.org,2002-12-30,Turks and Caicos Islands,400-40-3758,False
S0418,Duane Sims,alisonjackson@example.org,2003-02-09,Tokelau,334-61-7655,False
S0419,Kimberly Nelson,staylor@example.net,1996-10-13,Nepal,468-81-9241,False
S0420,Mark Ferguson,timothy31@example.com,1998-06-26,Isle of Man,267-20-4974,True
S0421,Joseph Chang,mauriceharrison@example.org,2003-06-04,Liechtenstein,774-62-4909,True
S0422,Jeffrey Carter,laurakelley@example.org,1999-11-01,Monaco,448-51-4095,True
S0423,Omar Price,fwalker@example.com,2002-08-12,Maldives,783-79-4455,True
S0424,Patrick Lamb,elopez@example.org,1996-04-04,Bouvet Island (Bouvetoya),653-59-7419,False
S0425,Marcus Lopez,hernandeztara@example.org,1996-11-24,Bosnia and Herzegovina,289-35-2049,True
S0426,Monica Hall,alexisrobinson@example.com,1998-07-14,South Georgia and the South Sandwich Islands,511-48-7598,True
S0427,Amanda Miller,brianrowe@example.org,2001-07-18,Cocos (Keeling) Islands,197-33-6252,False
S0428,Barbara Tate,paulproctor@example.org,2004-01-27,Antigua and Barbuda,204-59-1540,True
S0429,Vickie Kennedy,sharon20@example.net,2006-09-01,Mali,126-33-7885,True
S0430,Christina Clay,teresayoung@example.com,1998-09-13,Chad,814-36-9580,True
S0431,Richard Smith,perkinshannah@example.net,2002-03-26,Holy See (Vatican City State),790-12-4076,False
S0432,Brandon Montgomery,browndeanna@example.net,2001-06-15,Botswana,129-63-3813,True
S0433,Justin Newman,linda73@example.org,2003-06-11,Guinea-Bissau,742-18-4108,False
S0434,Karina Kim,amy73@example.net,1996-11-28,Guernsey,332-94-7675,False
S0435,Ronald Rocha,caseymoore@example.com,2005-02-18,Mauritius,376-59-0012,False
S0436,Katie Gross,harveymichael@example.net,1997-08-02,Saint Helena,065-85-8831,False
S0437,Cheryl Vega,chloemorris@example.net,1998-09-01,Bhutan,536-85-1093,False
S0438,Todd White,harristodd@example.org,1994-11-24,Norway,857-50-8027,True
S0439,Meredith Scott,jeffrey10@example.org,2003-01-03,Vanuatu,853-11-7669,False
S0440,Amy Grant,yshort@example.net,1995-03-29,Nicaragua,273-68-0667,False
S0441,Sandra Miller,susandavis@example.net,1997-06-26,Hungary,195-25-8622,False
S0442,Laura Meza,xreese@example.net,2001-12-23,Peru,470-90-6998,True
S0443,Carol White,qwagner@example.org,2001-06-03,Netherlands Antilles,454-46-5164,False
S0444,Yesenia Kirk,bduran@example.net,1998-09-08,Dominican Republic,577-70-3505,False
S0445,Joshua Garner,suzanne76@example.org,2003-12-04,Finland,611-03-8481,True
S0446,Steve Smith,jasonedwards@example.net,2005-03-04,Uruguay,567-66-9115,False
S0447,Laura Davis,ikelly@example.com,1999-04-03,Myanmar,256-30-4199,False
S0448,Anna Ross,jessicacummings@example.com,1996-09-23,Sweden,707-90-9441,True
S0449,Anna May,crossbarbara@example.org,2004-08-16,Uruguay,790-43-5701,False
S0450,Jessica Conrad,kanejeremy@example.net,2005-07-11,Vanuatu,012-82-6267,True
S0451,Joseph Flores,markwolfe@example.org,1995-02-20,Saint Martin,403-58-9751,False
S0452,Ann Reynolds,vhernandez@example.org,2000-09-01,Samoa,051-71-6541,False
S0453,James Hamilton,kathleencastillo@example.org,2000-10-28,Pakistan,586-26-9195,False
S0454,Nancy Sanchez,adamsrussell@example.net,2006-06-30,Benin,116-86-6777,True
S0455,Gregory Flores,carrillogary@example.com,2002-06-29,Spain,453-80-2390,True
S0456,Thomas Hall,eric11@example.net,1995-03-11,Yemen,636-19-4714,True
S0457,Michael Rodriguez,vruiz@example.org,2004-02-07,Croatia,209-70-8574,True
S0458,Kimberly Dean,heatherbarnett@example.com,2002-01-23,Panama,540-06-4186,False
S0459,Duane Mccormick,brian01@example.com,2003-01-25,Panama,873-85-5902,True
S0460,Alicia Dillon,yhall@example.net,2007-03-06,Bolivia,324-63-9783,True
S0461,Charlotte Mason,tcastro@example.org,1994-12-31,Uzbekistan,543-40-5466,True
S0462,Patrick Smith DDS,colleen38@example.com,2005-01-13,Niue,264-50-0483,False
S0463,Tiffany Perez,penny21@example.net,1999-06-14,Philippines,628-81-3727,False
S0464,Kenneth Simmons,renee57@example.net,1996-03-12,Palau,142-75-8870,False
S0465,Christina Taylor,russellstout@example.org,2003-01-05,Mongolia,162-41-1112,False
S0466,Tiffany Wilson,mary20@example.com,2005-12-03,Isle of Man,422-39-7259,False
S0467,Samantha Walsh,edwin31@example.org,1996-11-19,Serbia,627-79-4373,True
S0468,Lisa Carlson,gracehoward@example.net,2004-08-14,Burkina Faso,515-78-7681,True
S0469,Jacqueline Christian,kwells@example.org,1997-06-04,Ireland,783-02-4422,False
S0470,Courtney Powers,katherinejones@example.com,2005-10-03,Liechtenstein,705-42-7497,False
S0471,Jessica Parsons,zcortez@example.net,2006-09-10,Montserrat,609-69-8606,True
S0472,Michele Johnson,hayesmargaret@example.org,2005-11-22,Ecuador,532-69-6482,False
S0473,Mrs. Jasmine Hubbard,leescott@example.com,2004-07-16,France,473-22-6922,False
S0474,Thomas Vaughn,stevenlucas@example.org,2003-11-17,Bouvet Island (Bouvetoya),185-75-8953,True
S0475,Jason Hayes,shawnmosley@example.org,2005-12-15,Bermuda,257-42-2687,False
S0476,Becky Wilson,fwalters@example.net,2003-09-05,Saint Lucia,811-66-2620,False
S0477,James Tate,ariana22@example.org,1996-10-22,Rwanda,053-54-5048,False
S0478,Randy Griffin,davidanderson@example.org,1994-07-12,Serbia,260-02-7515,False
S0479,Mr. Robert Franklin MD,briannaalvarez@example.com,2000-03-24,Netherlands Antilles,615-01-4010,True
S0480,Diana Fuller,brandonhernandez@example.net,1999-01-08,Cameroon,875-05-9472,False
S0481,Elizabeth Knapp,rodriguezvictoria@example.org,2003-03-22,New Zealand,677-89-9748,True
S0482,Kristina Burch,sarah14@example.com,1999-04-10,Hong Kong,840-09-7002,False
S0483,Ana Ruiz,nealjoshua@example.net,1999-11-11,Cote d'Ivoire,713-27-0954,False
S0484,Nicholas Fuller,webbhaley@example.net,1998-03-20,New Caledonia,869-41-4255,False
S0485,Whitney Gomez,christinacrawford@example.net,2002-09-12,Lithuania,828-24-9985,True
S0486,Dylan Lee,johnsoncolleen@example.org,2004-01-26,Cote d'Ivoire,819-79-6794,False
S0487,Gene Castro,alexharris@example.com,1997-10-15,Bangladesh,316-39-8302,False
S0488,Pamela Wilson,matthew99@example.org,2005-04-19,Congo,339-44-7850,False
S0489,Rebecca Brewer,dmoore@example.net,2006-02-16,Kyrgyz Republic,803-53-0918,True
S0490,Elizabeth Hardy,angela03@example.net,2003-05-24,South Georgia and the South Sandwich Islands,815-46-1085,False
S0491,Diana Johnson,ksims@example.net,2002-05-10,Colombia,610-15-5051,True
S0492,Emily Johnson,pmiller@example.com,2000-05-10,Zambia,310-28-8604,True
S0493,Brian Glover,robinwallace@example.org,2004-11-13,United Kingdom,513-20-3117,False
S0494,John Russo,kimberly21@example.net,2003-04-13,Bulgaria,211-93-0599,True
S0495,Miguel Boyd,collinsbradley@example.net,2005-10-25,Grenada,479-06-1690,True
S0496,Mary Edwards,danielle35@example.org,1996-12-26,Falkland Islands (Malvinas),546-41-7228,False
S0497,Denise Moore,smithcindy@example.net,1995-10-25,Mauritius,359-71-5219,True
S0498,Tony Brock,georgecollins@example.com,2001-07-05,Australia,134-04-7713,False
S0499,Amber Reyes,simmonsharold@example.net,2006-01-25,Norfolk Island,857-89-7305,True
S0500,Emily Roth,beltrankatelyn@example.com,2001-11-11,Bermuda,833-90-7673,True
S0501,Eric Newman,oruiz@example.org,2005-09-04,Nicaragua,265-47-6424,False
S0502,Thomas Rivera,shawn01@example.com,1995-12-13,Lesotho,473-22-4625,False
S0503,Lindsey Anderson,sullivanjennifer@example.org,1998-09-20,Pakistan,073-39-8729,False
S0504,Kevin Allen,amydickson@example.com,1995-05-05,Cote d'Ivoire,834-89-9683,True
S0505,William Bradley,amy32@example.net,2003-03-10,Saint Vincent and the Grenadines,729-74-7973,False
S0506,Kyle Nguyen,shortgregory@example.com,1995-05-22,Botswana,702-77-6209,False
S0507,Matthew Brown,lisaclay@example.net,2005-01-04,Saudi Arabia,151-85-2445,False
S0508,Eddie Gilbert,rgonzalez@example.com,1998-05-19,South Africa,696-39-7123,False
S0509,Suzanne Mooney,carrwilliam@example.org,2005-07-25,Bahamas,379-71-0871,False
S0510,Justin Irwin,callahanmichelle@example.org,2000-02-04,Nauru,404-81-5213,False
S0511,Jennifer Graham,elainewells@example.org,2001-09-14,Tajikistan,369-54-2528,False
S0512,Shane Martinez,jonesalfred@example.net,2005-12-26,Palestinian Territory,448-18-1388,True
S0513,Robert Dalton,dhanson@example.net,1999-12-30,Svalbard & Jan Mayen Islands,461-50-5822,False
S0514,Jeff Smith,pbradford@example.net,2001-01-02,Isle of Man,560-74-6013,True
S0515,Andrew Webb,daniel71@example.org,2003-12-22,Malta,880-97-4579,True
S0516,Blake Wu,sanchezcrystal@example.net,2006-12-20,Belarus,701-82-8835,False
S0517,Emily Brown,amanda07@example.com,2001-02-23,Latvia,588-94-5432,True
S0518,Tyler Yates,gary94@example.net,2004-09-08,Eritrea,063-81-7753,True
S0519,Laura Douglas,lisa90@example.com,2000-10-13,Brunei Darussalam,518-10-4553,True
S0520,Luis Hill,alexis19@example.org,2006-04-25,Saint Vincent and the Grenadines,155-85-7318,True
S0521,Christopher Patton,toddlloyd@example.org,1998-12-09,Belize,149-77-2526,True
S0522,Nicole Gutierrez,cyoung@example.net,2002-10-09,Cote d'Ivoire,592-94-5654,True
S0523,Dennis Weiss,jacksonraymond@example.com,2000-09-03,Yemen,771-69-3829,True
S0524,Michael Wells,alyssagraham@example.com,2006-07-15,Kiribati,392-87-5173,True
S0525,Melanie Williams,stephanie69@example.net,2005-08-22,Grenada,277-35-1611,True
S0526,Kevin Murray,jessicachapman@example.org,2001-03-29,Philippines,707-24-5133,True
S0527,Megan Decker,jenkinsalicia@example.net,2000-04-12,Cyprus,743-37-4128,False
S0528,Alexander Davis,stephanielittle@example.net,2006-12-07,Benin,877-78-2129,True
S0529,Phillip Wong,pauladominguez@example.com,1998-04-24,Panama,078-82-7430,True
S0530,Destiny Simmons,jonathan14@example.org,1999-06-17,Grenada,062-34-4337,False
S0531,Benjamin Krause,chelseywhite@example.com,1995-11-22,Mauritius,788-56-3579,False
S0532,Ashley Alexander,dakota11@example.net,2003-12-10,Singapore,457-03-8155,False
S0533,Martin Fitzpatrick,sadams@example.com,2006-03-30,Morocco,004-66-8040,True
S0534,Jared Luna,fernandezaaron@example.net,2005-02-11,Liberia,125-73-8771,True
S0535,Heather Maldonado,pbrown@example.org,1999-03-26,Timor-Leste,349-11-7531,True
S0536,Donna Harris,poncedonna@example.com,2003-07-13,Ukraine,110-81-5887,False
S0537,Dr. Jeffrey Lopez,leejennifer@example.net,1997-08-01,Iceland,065-70-5042,True
S0538,Dr. Robert Levy Jr.,brian06@example.org,1997-03-27,Palau,684-67-7510,True
S0539,Sheila Herrera,sandyjohnson@example.org,2000-11-02,Andorra,483-80-0751,False
S0540,Matthew Smith,conwaylori@example.org,2000-05-30,Chile,856-76-1048,False
S0541,Ashley Crawford,bryanharris@example.com,2005-01-12,Saint Pierre and Miquelon,695-52-5313,False
S0542,Michael Gardner,mary30@example.net,1996-09-26,Bahrain,124-36-2315,True
S0543,Carol Wood,samuelfrost@example.org,1996-03-20,Somalia,868-81-6163,True
S0544,Alexis Tucker,smithsara@example.net,2002-12-15,Tuvalu,291-54-7799,True
S0545,Christine Bowman,ljenkins@example.net,2003-06-23,Nepal,185-92-8191,True
S0546,Anita Serrano,michael08@example.org,1996-12-23,Marshall Islands,098-80-5930,False
S0547,Victoria Romero,qtownsend@example.org,1998-01-28,Congo,116-20-7773,True
S0548,Christopher Livingston Jr.,justin64@example.com,2002-07-02,Tuvalu,777-59-0710,True
S0549,Anthony Medina,kristenwashington@example.org,1995-05-28,Dominica,739-57-9711,False
S0550,Jennifer Burgess,jerry15@example.org,1995-10-04,Saint Pierre and Miquelon,423-26-6153,False
S0551,Angel Richards,zamoradustin@example.net,2000-05-25,Iceland,383-18-7500,False
S0552,Lynn Cantrell,matthewjohnson@example.net,1995-04-05,Burkina Faso,114-60-7514,True
S0553,Philip Robinson,cassandra92@example.net,2007-02-04,Timor-Leste,236-12-6746,False
S0554,Katherine Forbes,rhood@example.org,2003-12-22,Saint Pierre and Miquelon,894-32-4061,True
S0555,Kevin Snow,robinvillanueva@example.com,2007-03-23,Armenia,482-94-8262,False
S0556,Joseph Mendoza,chavezjohn@example.net,2004-04-09,Puerto Rico,750-53-3572,False
S0557,Edward Holland,smithelizabeth@example.org,2003-08-17,Togo,585-96-9563,True
S0558,Jesse Ingram,xlopez@example.net,2000-07-08,North Macedonia,002-81-1159,False
S0559,Michael Schmidt,ronald49@example.net,2001-12-17,Cote d'Ivoire,807-88-1327,False
S0560,Gabriela Randolph,pamela16@example.com,2000-07-13,Armenia,375-47-2872,False
S0561,Michele Castro,devonrogers@example.net,1995-12-17,Lesotho,756-97-9505,True
S0562,Michele Mullins,lukehurst@example.net,2003-04-29,Falkland Islands (Malvinas),056-09-6109,False
S0563,John Rose,harrisonamanda@example.net,2006-03-05,Korea,636-48-1076,True
S0564,Stephen Miller,shurst@example.org,1995-11-27,Falkland Islands (Malvinas),115-90-2425,False
S0565,Shaun Meyer DDS,robert82@example.com,1998-12-28,Kenya,756-83-0352,False
S0566,Arthur Wiggins,marystone@example.com,1999-11-01,Guam,672-83-5347,False
S0567,Mr. Joseph Kelley,itorres@example.com,1996-09-18,Eritrea,233-62-6094,False
S0568,Patricia Williams,justin29@example.org,2003-09-26,France,187-23-2515,False
S0569,Bruce Chaney,scottwood@example.org,2001-10-17,Antigua and Barbuda,682-41-5634,False
S0570,Jerry Cantrell,david06@example.com,2004-06-21,Yemen,470-41-2557,True
S0571,Oscar Cantrell,deborah47@example.com,2007-02-01,Saudi Arabia,588-86-2410,True
S0572,Monica Nielsen,hannah70@example.org,2003-04-19,Brazil,316-04-6581,False
S0573,Connie Howard,brian39@example.net,1997-05-15,Vietnam,786-36-3207,False
S0574,Joshua Griffin,daughertypreston@example.com,1998-08-12,Netherlands,524-08-5916,True
S0575,Mike Patterson,swatson@example.com,1999-01-19,Kiribati,896-72-1436,False
S0576,Stephen Figueroa,slara@example.org,2004-12-15,Ukraine,435-94-6787,False
S0577,Kevin Miller,kevinmcneil@example.net,2007-04-23,Bahrain,605-97-6157,False
S0578,Jason Rocha,dthompson@example.net,2001-11-12,United States Virgin Islands,141-26-3048,True
S0579,Donna Henry,mary47@example.net,2004-02-06,Czech Republic,028-01-2524,False
S0580,Tyler Flowers,qmartinez@example.com,1999-11-27,Liechtenstein,705-83-4010,False
S0581,Phillip Snyder,georgemichael@example.com,2001-11-01,Trinidad and Tobago,265-81-7800,True
S0582,Sabrina Brooks,brucefrancisco@example.org,1996-05-19,Kyrgyz Republic,710-18-5856,False
S0583,Dominic Barnes,brandon48@example.net,2006-08-27,Malaysia,199-99-3003,True
S0584,Linda Jackson,monique44@example.net,2003-07-22,Guyana,099-69-9504,False
S0585,Charles Taylor,nathan76@example.com,2006-06-15,Central African Republic,105-28-2533,False
S0586,Sandra Pope,butlersabrina@example.org,2005-02-15,Uzbekistan,018-62-5706,False
S0587,Jack Montoya,gerald40@example.net,2005-01-26,Cyprus,132-89-2333,False
S0588,Elizabeth Clark,colemankathryn@example.org,1995-06-30,Singapore,496-97-7066,False
S0589,Brian Mcguire,harrisonrebekah@example.org,1995-05-06,Papua New Guinea,011-97-1582,True
S0590,Tamara Harris,jackbell@example.org,1996-05-17,San Marino,285-75-5699,True
S0591,Scott Norman,williamjones@example.net,2004-05-27,Marshall Islands,223-92-3139,True
S0592,Carolyn Webster,beltrancorey@example.org,2006-06-13,Thailand,725-61-6005,True
S0593,Cathy Nunez,whitemichael@example.com,1999-12-30,Malaysia,234-53-1849,False
S0594,Emily Owens,tylerward@example.com,2001-09-22,Armenia,085-42-8089,False
S0595,Drew Burke,gloria73@example.net,1999-10-11,Timor-Leste,439-25-1141,True
S0596,Rebekah Crosby,harry71@example.com,2000-03-05,Palestinian Territory,693-11-1954,False
S0597,James Garza,figueroapatricia@example.org,1995-04-29,Congo,347-26-9748,False
S0598,Jennifer Hall,rhardy@example.net,2004-06-09,Nauru,280-97-6558,False
S0599,Melvin Clements,jdixon@example.com,1995-11-20,El Salvador,502-64-3782,True
S0600,Brandy Garcia,greertyrone@example.org,2007-02-13,Hong Kong,620-87-5357,True
S0601,Marco Davis,guerreroapril@example.com,2004-10-14,Cook Islands,301-85-8158,False
S0602,Dennis Cooper PhD,cisnerosanthony@example.com,2005-12-03,British Indian Ocean Territory (Chagos Archipelago),393-58-5154,True
S0603,Jessica Johnson,angeladalton@example.com,2005-12-25,Chad,504-56-2204,False
S0604,James Gallagher,rkeller@example.net,2001-12-02,Lebanon,576-21-8302,True
S0605,Dennis Garza,wjensen@example.com,1998-08-25,Antarctica (the territory South of 60 deg S),605-06-2101,False
S0606,Hannah Harmon,hubbardcolleen@example.com,1995-10-01,Guatemala,366-53-5756,False
S0607,David Young,brittany14@example.org,1998-11-14,Angola,552-42-0613,False
S0608,Scott Bradley,sadams@example.com,2002-02-15,Ghana,387-74-6395,False
S0609,Brent Freeman,matthewshaw@example.net,1998-11-24,Nicaragua,307-47-7144,False
S0610,Mark Dickson,pittmanamanda@example.com,1997-12-05,French Southern Territories,588-52-3701,False
S0611,Tina Robbins,vargasjoshua@example.net,2004-11-24,Lebanon,438-27-5691,False
S0612,Marisa Turner,ryan85@example.org,1999-11-14,El Salvador,640-66-7426,False
S0613,Kimberly Ibarra,barbaralewis@example.net,2006-09-05,Ethiopia,654-69-7107,False
S0614,Molly Brown,michaelhernandez@example.org,2004-03-09,Serbia,308-56-6722,False
S0615,Ronald Brown,meghanadams@example.com,2002-11-18,Equatorial Guinea,704-77-3869,False
S0616,Brian Lee,lauracollins@example.com,2001-10-05,Jordan,433-83-0607,True
S0617,Dominic Johnson,donna20@example.net,2000-10-18,Angola,057-11-5144,True
S0618,Sharon Lester,qmosley@example.net,2005-12-30,Indonesia,860-93-2303,True
S0619,Kenneth Mason,boydmaria@example.net,1997-10-03,Turks and Caicos Islands,093-31-9828,False
S0620,Robert Murphy,vshaffer@example.org,2006-08-23,Cuba,148-14-2870,True
S0621,Donald Ortiz,henrynicholas@example.org,1998-08-06,Jamaica,487-88-4037,True
S0622,Sherry Giles,thomas54@example.org,2002-11-15,United Kingdom,621-05-0896,True
S0623,Rachel Allen,sparker@example.com,2006-03-23,Poland,125-69-3873,True
S0624,Jasmine Browning,qpennington@example.com,1995-08-28,Swaziland,775-31-4873,False
S0625,Steve Moon,natasha60@example.com,2005-09-29,Swaziland,799-63-7719,False
S0626,Tammy Cook,gmcdowell@example.org,2003-07-25,Madagascar,068-46-6896,False
S0627,Robin Rojas,wneal@example.org,2002-10-27,Colombia,646-57-2230,True
S0628,Curtis Torres,rodriguezjohn@example.net,2007-02-01,Switzerland,665-98-2132,True
S0629,Melissa Sparks,shannon24@example.org,2003-06-03,Sweden,336-37-3255,False
S0630,Jacob Long,kduffy@example.org,1994-10-02,Angola,572-83-3748,True
S0631,Valerie Gonzalez,brandonwilliamson@example.net,1997-11-12,Benin,377-22-9294,False
S0632,Nathan Graham,fwilcox@example.org,1997-05-26,Costa Rica,196-35-4718,True
S0633,Janet Reynolds,carolcarney@example.com,2003-12-06,Comoros,429-24-6694,False
S0634,Alyssa Cherry,christinesolomon@example.com,2002-01-22,Oman,470-11-0170,True
S0635,Seth Mccann,tmcdaniel@example.com,2003-09-10,Saint Pierre and Miquelon,612-33-1197,True
S0636,Anthony Cook,thomasgomez@example.net,2006-09-10,Spain,613-91-0746,False
S0637,Jonathan James,ilambert@example.net,1995-01-07,Christmas Island,267-22-8254,True
S0638,Gerald Mcdonald Jr.,hthomas@example.com,1995-01-21,Brunei Darussalam,512-36-5908,True
S0639,Diane Mcdowell,zachary62@example.com,2004-01-23,Liechtenstein,783-20-9105,False
S0640,Mary Yates,lopezbrian@example.org,1994-12-13,Eritrea,168-91-7654,True
S0641,Zachary Ho,alexandervanessa@example.net,2000-10-15,Lithuania,116-93-2426,False
S0642,Brandon Oneill,marybrady@example.com,2001-10-21,Panama,600-28-9561,True
S0643,Mrs. Pamela White DVM,kaylarhodes@example.com,1994-10-27,Pitcairn Islands,697-16-6459,True
S0644,Timothy Rodriguez,eric17@example.net,2003-01-21,Korea,644-35-9736,False
S0645,Erin Williams,unguyen@example.net,2006-04-09,South Georgia and the South Sandwich Islands,583-17-3464,False
S0646,Rebecca Campbell,manningamy@example.net,1999-06-10,Iran,262-23-3934,False
S0647,Sharon Davis,frankchan@example.com,2002-11-23,Zimbabwe,670-20-1976,False
S0648,Robert Fitzgerald,rebecca92@example.com,2003-02-18,Syrian Arab Republic,377-66-3275,False
S0649,Stephen Alvarez MD,bdavis@example.com,2002-06-18,Jordan,646-55-1523,True
S0650,Glenn Ford,deborahreeves@example.com,2001-05-03,Oman,538-11-4763,True
S0651,Bob Solis,edgar24@example.org,2001-04-13,French Polynesia,583-07-9028,False
S0652,Andrew Rodriguez,dgutierrez@example.net,2003-11-06,Suriname,260-46-4176,False
S0653,Patricia Smith,lwhite@example.com,1995-01-26,Israel,898-91-4877,True
S0654,Nathaniel Todd,qhanson@example.com,2007-01-18,Tunisia,830-24-3459,True
S0655,Paul Munoz,hamiltonandrew@example.com,1995-12-31,Chile,672-62-7540,False
S0656,Sheila Church,nturner@example.com,2003-06-18,Portugal,692-51-4959,False
S0657,Chad Lee,hortonjacob@example.org,1997-03-15,Pakistan,149-84-3962,True
S0658,Mark Tyler,christophercarrillo@example.org,2000-08-23,Angola,120-22-2498,True
S0659,Jill Washington,heathbrenda@example.org,1998-04-25,Switzerland,854-51-0835,True
S0660,Brian Abbott,fpetty@example.net,2002-01-02,Saint Martin,568-38-0607,True
S0661,Mr. Kevin Carr,dhall@example.net,1994-09-24,Morocco,324-71-1041,False
S0662,Matthew Small,simpsonsheila@example.com,2000-04-23,Jordan,022-21-4719,True
S0663,Julie Kim,brianacohen@example.net,2005-07-30,Saint Barthelemy,673-60-2149,True
S0664,Miranda Myers,rwhitaker@example.net,2004-01-12,South Africa,484-21-3395,True
S0665,Paul Estrada,glenmoore@example.com,1995-10-18,Israel,506-39-3846,False
S0666,Anthony Smith,michael22@example.net,1994-11-24,Bahrain,346-56-1868,True
S0667,Barbara Walker,victoria50@example.net,1997-12-17,Canada,874-89-8445,False
S0668,Ashley Williams,wlloyd@example.org,2007-02-25,Slovenia,626-79-1670,False
S0669,Amanda Garcia,pittsrhonda@example.org,2003-12-14,Russian Federation,453-98-8289,False
S0670,Dr. Christian Cox PhD,allisonscott@example.com,2004-06-25,Albania,252-61-5593,False
S0671,Christopher Adams,qward@example.org,1996-06-14,Sao Tome and Principe,543-54-3739,False
S0672,Jeffrey Hardin,hcrane@example.net,1999-03-09,Antarctica (the territory South of 60 deg S),454-19-0163,False
S0673,Kelly Jones,leroy26@example.org,1999-08-06,Argentina,677-83-2474,True
S0674,Amy Welch,robert84@example.net,2004-02-20,United States of America,353-02-4584,True
S0675,Lisa Thomas,ngriffin@example.net,2002-08-07,Niger,668-57-5657,True
S0676,Rachael Sullivan,nicolemiller@example.net,1998-10-31,Saint Kitts and Nevis,737-95-2065,True
S0677,Kimberly Lewis,adrienne20@example.org,2006-01-21,Mauritius,607-34-3955,False
S0678,Elizabeth Henderson,dennismckenzie@example.com,2002-08-19,Guinea,127-07-2044,True
S0679,Kenneth Smith,tonya99@example.net,2006-02-09,Niue,682-69-9758,True
S0680,Edwin Estrada,jenniferstone@example.org,1995-11-07,Maldives,597-25-5920,True
S0681,Charles Simmons,dmiller@example.com,2006-01-12,Lebanon,220-58-1280,True
S0682,Joseph Chapman,lwiggins@example.com,2002-10-03,Kazakhstan,706-63-6831,True
S0683,Brianna Martinez,tanderson@example.net,2005-09-14,British Indian Ocean Territory (Chagos Archipelago),712-28-7462,True
S0684,Paul Raymond,sandra19@example.com,1995-12-01,Heard Island and McDonald Islands,586-38-0660,True
S0685,Autumn Torres,kevin70@example.org,1996-04-30,Namibia,432-07-5000,False
S0686,Cindy Fuentes,jsmith@example.com,1995-05-12,Aruba,428-62-9390,False
S0687,Jesse Morgan,ualvarez@example.net,1996-03-17,Burundi,517-82-7552,False
S0688,Mary Hernandez,christopher99@example.com,1999-07-08,United Arab Emirates,405-44-8864,False
S0689,Michael Ramos,debbie20@example.net,2002-09-03,Sierra Leone,725-40-9193,True
S0690,Maria Miller,bernardaimee@example.com,2001-01-06,Andorra,124-85-8714,True
S0691,Albert Buchanan,mariacombs@example.net,2000-04-04,Sri Lanka,547-78-5250,False
S0692,Andrew Atkins,morganhenry@example.org,2005-08-28,Ghana,392-33-1492,False
S0693,Brett Jackson,iantate@example.org,1998-06-21,Ireland,695-22-0966,False
S0694,Erika Johnson,evanscorey@example.org,1999-11-07,Gibraltar,265-49-1982,True
S0695,David Harper,trevorgoodwin@example.com,2006-10-28,Ethiopia,063-41-7616,True
S0696,Ana Johnson,robinsmith@example.net,2007-01-03,Peru,104-32-9089,False
S0697,Beth Carroll,omiller@example.net,1997-02-16,Cambodia,383-70-2756,True
S0698,Kimberly Henderson,dwilliams@example.net,1998-03-30,Chad,001-08-7901,False
S0699,David Frazier,megan39@example.net,1998-02-20,Central African Republic,757-69-9226,True
S0700,Brandon Hale,jessicalutz@example.com,1997-03-23,Madagascar,822-41-5614,True
S0701,Veronica Zimmerman,john55@example.org,2000-06-17,Netherlands Antilles,337-03-2191,True
S0702,April Alvarez,chambersrobert@example.net,2003-08-17,Serbia,403-69-1330,False
S0703,Mariah Jones,staffordlisa@example.com,2003-03-22,Guinea,833-49-9852,True
S0704,Christopher Tate,martinezmitchell@example.org,2000-04-05,Cyprus,761-03-4607,True
S0705,Michelle Lee,lindsey33@example.com,2007-01-21,Argentina,288-64-9930,True
S0706,Craig Nicholson,rrodriguez@example.net,2000-12-26,Chile,566-25-9269,True
S0707,Lindsey Thompson,julieanderson@example.net,2005-08-08,Turkmenistan,536-94-4495,False
S0708,Michael Braun,erin70@example.com,2002-10-25,Western Sahara,667-07-5293,False
S0709,Zachary Hill,hsimpson@example.org,2005-12-21,Czech Republic,049-36-6883,False
S0710,Emily Myers,christopher90@example.net,1997-06-01,Portugal,434-10-4096,True
S0711,Gary Brown,johnsonryan@example.org,2002-03-09,Niue,343-33-4050,False
S0712,David Peterson,underwoodapril@example.org,2006-09-30,Singapore,615-80-7185,False
S0713,Lori Riley,villegassabrina@example.com,1998-07-22,Thailand,711-09-2090,False
S0714,Robert Brown,rjones@example.org,2001-10-02,French Polynesia,871-49-6582,False
S0715,Paul Hall,chavezsteven@example.com,2005-12-02,Niger,104-44-0426,False
S0716,Garrett Lee,smithjennifer@example.net,2004-09-29,Congo,587-17-8338,False
S0717,Jason Hardy,ilopez@example.org,1995-04-09,Georgia,599-56-8408,True
S0718,Nicole Collins,dylanparker@example.com,1998-04-07,Algeria,531-76-2370,True
S0719,Jonathon Conley,hendersonjames@example.org,2002-10-23,Cook Islands,805-09-5596,False
S0720,John Holt,vgreene@example.net,2001-11-03,Grenada,631-39-6860,False
S0721,Brian Walter,crawfordsamantha@example.net,1997-05-19,Denmark,478-80-3493,False
S0722,Nicholas Cisneros,lindsay63@example.com,1996-11-16,Albania,372-02-1209,True
S0723,Justin Thomas,llee@example.com,1995-01-20,Antarctica (the territory South of 60 deg S),204-26-4655,True
S0724,Stephen Higgins,melanie32@example.org,1994-10-06,Tajikistan,269-13-0344,True
S0725,Breanna Pena,morganjason@example.com,1997-08-09,Sudan,382-85-2808,True
S0726,Vanessa Cuevas,ejohns@example.org,1996-05-11,Uzbekistan,134-25-3141,False
S0727,Melissa Stewart,prowland@example.org,2004-05-27,Namibia,194-69-4820,True
S0728,Erin Brown,monique89@example.com,1997-03-15,Belgium,804-61-1063,True
S0729,James Khan,victor72@example.com,2003-09-29,Malta,712-62-8107,False
S0730,Kevin Little,clarkpatricia@example.com,2005-09-14,Indonesia,224-40-6964,False
S0731,Laura Walls,jonathan12@example.org,1998-04-26,Maldives,361-30-9568,False
S0732,Jose Rogers,amcdonald@example.com,2004-12-09,Ghana,280-49-0405,True
S0733,David Brewer,rachel48@example.net,2001-08-03,Belgium,805-36-3732,False
S0734,Benjamin Johnson,matthewleonard@example.com,1998-06-02,Suriname,787-88-4497,False
S0735,Larry Taylor,alan44@example.com,2004-08-30,Iraq,416-75-0195,True
S0736,Jose Juarez,michelleperez@example.net,2004-03-21,Lebanon,240-67-9618,False
S0737,Nina Sharp,fpeterson@example.com,2005-06-23,Japan,789-90-6844,False
S0738,Jerry Hansen,don24@example.net,1994-08-10,Sudan,675-46-5568,False
S0739,Jeffery Goodwin,mark09@example.org,2006-06-21,Cape Verde,339-73-9880,False
S0740,Laura Myers,zharris@example.org,2001-06-06,Comoros,487-14-5388,False
S0741,Jocelyn Kline,jacksonemily@example.org,1994-11-25,Portugal,618-63-0440,True
S0742,Benjamin Mccarty,jamie48@example.org,2000-05-23,Heard Island and McDonald Islands,531-02-2816,True
S0743,Theodore Myers,andersonrobert@example.net,1995-05-18,Zimbabwe,887-27-2129,False
S0744,Emily Meyers,kmoore@example.com,2002-02-13,Macao,734-88-7520,False
S0745,Adam Thomas,summerscassidy@example.org,2001-04-26,United States Minor Outlying Islands,583-63-7540,False
S0746,Andrew Davis,treed@example.com,1999-07-26,Swaziland,830-23-6801,False
S0747,Steven Quinn,qcruz@example.org,2003-07-25,Bhutan,403-90-0716,False
S0748,Seth Hill,elizabeth13@example.com,1999-10-30,Serbia,567-16-6042,True
S0749,Brian Miranda,robert24@example.org,2001-01-22,Kyrgyz Republic,028-10-7568,False
S0750,Patrick Foley,qjohnson@example.org,2003-09-13,Burkina Faso,335-86-7607,True
S0751,Mr. Joshua Allen,rtaylor@example.org,1996-09-12,Andorra,622-13-2904,False
S0752,Joseph Myers,powersalex@example.com,1996-06-23,Guinea-Bissau,183-28-0565,False
S0753,Kim Ramos,copelandlisa@example.net,2003-02-04,Palestinian Territory,106-50-5052,False
S0754,Kyle Williams,pwang@example.com,2006-04-18,Cook Islands,094-03-6909,True
S0755,Adrian Hoover,walkernicole@example.net,1996-08-31,Chad,046-54-8397,False
S0756,Gabriel Hart,colleenvilla@example.com,2006-09-09,British Indian Ocean Territory (Chagos Archipelago),238-28-1735,True
S0757,Christopher Morales,alexander37@example.org,1995-05-05,Suriname,286-84-6046,False
S0758,Stephen Jenkins,gbird@example.net,2001-06-14,Uzbekistan,871-73-2810,False
S0759,Brandon Nguyen,xgregory@example.net,1996-03-18,China,651-98-5210,True
S0760,Mary Jones,franklinbrenda@example.com,2001-02-15,Saint Vincent and the Grenadines,239-65-9626,True
S0761,Alexis Smith,parkerjoann@example.org,2002-07-16,Bahamas,141-48-8172,False
S0762,Christian Harris,youngjessica@example.com,2004-02-03,Greenland,138-36-5203,False
S0763,Paige Meyer,swong@example.org,1997-06-17,Saint Martin,340-44-3970,False
S0764,Anthony Hardin,lauriehorton@example.org,2002-05-22,Hong Kong,534-42-3008,True
S0765,Aaron Kane,mckaybrett@example.org,2006-09-05,Brunei Darussalam,094-23-9710,True
S0766,Rebecca Harris,simmonsstuart@example.org,2003-11-12,Ecuador,435-23-9927,False
S0767,Dustin West,josephharrington@example.org,2006-11-05,Guyana,408-49-2749,True
S0768,Jay Lynch,ywolf@example.com,1994-09-28,Hong Kong,438-11-4919,False
S0769,Brittany Barber,oscar47@example.com,1999-05-12,New Caledonia,493-10-5460,False
S0770,John Moore,adamhensley@example.net,2003-11-29,Liechtenstein,415-54-6466,False
S0771,Jacqueline Burns,ortizbenjamin@example.org,1999-06-27,Mongolia,167-25-7149,True
S0772,Patricia Walton,william75@example.net,1995-03-26,Hungary,435-95-4044,True
S0773,Andrew Li,terrydeanna@example.com,2002-05-09,Western Sahara,698-19-4167,True
S0774,Kenneth Bates,alexanderwise@example.net,2003-09-25,Hungary,408-91-9604,True
S0775,Angela Kent,bmartin@example.com,2003-06-23,Macao,546-85-6272,False
S0776,Morgan Goodwin,rodriguezashley@example.com,2005-01-24,Ethiopia,767-27-6521,True
S0777,Abigail Jackson,esmith@example.net,1999-11-30,Israel,671-37-7061,False
S0778,James Padilla,tomshaw@example.org,2000-05-04,Suriname,218-24-3293,True
S0779,Clayton Malone,tonya67@example.net,2006-05-08,Botswana,890-82-2722,True
S0780,Brady Martinez,petersonbrenda@example.com,2000-10-15,Senegal,104-02-1001,True
S0781,Tyler Ortega,davisalexa@example.org,1999-05-14,Mali,780-35-7962,False
S0782,George Jordan,evelyn55@example.org,2006-09-18,Papua New Guinea,409-49-0938,True
S0783,Shelley Drake,bryantholly@example.net,2005-05-05,Uzbekistan,143-04-9862,True
S0784,Joseph Tapia,miguelmontgomery@example.net,2005-10-16,Malaysia,424-85-3080,False
S0785,Mark Mcmahon,allen50@example.net,1998-09-18,Kenya,240-78-7939,False
S0786,Lonnie Miller,ecrosby@example.net,2005-08-16,United Kingdom,103-94-6306,False
S0787,Cory Thomas,andersonlaura@example.com,2005-04-21,Mexico,896-60-2754,False
S0788,Tina Olson,johnjackson@example.net,2003-08-01,Botswana,446-92-0479,False
S0789,Timothy Orr,jeffrey47@example.net,1996-01-31,Burkina Faso,548-82-8061,False
S0790,Michael Wiggins,schneidernicholas@example.net,2004-02-21,Saint Kitts and Nevis,391-84-9207,True
S0791,Jessica Hall,darrell11@example.org,1998-11-27,Nauru,193-96-1903,False
S0792,Bethany Edwards,aray@example.com,1995-04-15,Mauritania,195-50-6942,True
S0793,Jacob Shelton,aprilguzman@example.org,1995-11-14,Algeria,552-59-5177,False
S0794,Tommy Hood,jfrazier@example.net,1998-03-02,San Marino,682-90-0563,True
S0795,Ellen Mooney,hillmelanie@example.net,2000-09-12,Switzerland,221-64-4776,True
S0796,Jamie Zavala,eric33@example.net,2004-01-18,Uzbekistan,887-23-7988,True
S0797,Elizabeth Briggs,vickiekelley@example.com,1999-12-22,Lebanon,357-97-6413,False
S0798,Joseph Campbell,jacquelinekelley@example.org,1996-03-08,Sao Tome and Principe,811-75-0887,False
S0799,Michelle Ellis,barbararamos@example.com,1998-04-08,Cameroon,215-28-3206,False
S0800,Alexa Barber,gregoryvanessa@example.org,1999-05-18,Japan,696-22-0923,False
S0801,William White,wilsonzachary@example.com,2002-03-13,Canada,643-93-6620,True
S0802,Bryan Sanders,hailey26@example.net,2007-05-15,Paraguay,675-12-7597,False
S0803,Marie Hill,hrichardson@example.org,1995-07-23,Liechtenstein,657-86-8352,False
S0804,Kevin Archer,vhill@example.org,2004-10-22,Cocos (Keeling) Islands,394-62-7106,False
S0805,Calvin Nguyen,richardhaynes@example.com,2001-09-17,Mauritania,803-68-8005,True
S0806,Ryan Ryan,molinajared@example.net,2006-02-24,Cocos (Keeling) Islands,883-77-2949,False
S0807,Jeremy Edwards,andersonjamie@example.org,1995-08-16,Equatorial Guinea,872-97-0574,False
S0808,Caleb Evans,rodneylandry@example.org,1997-09-17,Aruba,532-38-8751,False
S0809,Kenneth Neal,catherine83@example.net,1995-10-09,Svalbard & Jan Mayen Islands,046-31-0602,False
S0810,Elijah Wall,carrierobinson@example.com,1998-02-02,Saint Lucia,638-55-1219,False
S0811,Debbie Santos,ricardomiller@example.com,2003-04-12,Wallis and Futuna,712-19-8781,False
S0812,Mark Adams,jenniferelliott@example.net,2005-02-23,Netherlands,168-54-2515,False
S0813,Richard Gray,chrismartinez@example.org,2003-05-17,Ireland,068-43-1458,True
S0814,Gavin Nelson,joshuagarcia@example.org,1999-05-28,Bosnia and Herzegovina,802-16-2880,True
S0815,Sheri Chapman,wdavis@example.net,2001-12-02,Finland,565-35-9953,False
S0816,Anthony Stewart,zwhite@example.net,2003-04-18,Solomon Islands,545-71-9743,True
S0817,Jennifer Vargas,albert82@example.net,1996-02-15,Honduras,582-95-4381,False
S0818,Nicholas Villegas,erikabarnes@example.com,1996-11-11,Guinea,818-60-8229,True
S0819,Troy Meyer,kevinhodge@example.com,1999-10-08,Germany,866-12-1303,False
S0820,David Davis,millerjustin@example.com,2004-12-28,Algeria,435-87-8335,False
S0821,Breanna Jimenez,sullivanchristina@example.net,1994-07-30,Jamaica,720-69-5654,False
S0822,Patrick Tapia,lawsontami@example.net,2006-07-29,Serbia,537-29-2865,False
S0823,Ryan Palmer,hendersonnicholas@example.com,2007-02-02,Guadeloupe,696-32-8833,True
S0824,Shannon Roberts,ncarter@example.org,2004-01-29,Montenegro,404-28-4995,False
S0825,Tina Robertson,wallspatricia@example.com,1995-03-25,Albania,631-59-5383,True
S0826,Brian Bailey,richardsmith@example.com,2000-11-17,Belize,542-66-2519,True
S0827,Thomas Smith,jeremy65@example.com,1999-03-22,Uganda,187-69-4416,False
S0828,Jeffrey Franco,donaldburgess@example.org,1999-02-25,Trinidad and Tobago,727-26-1814,True
S0829,Andrew Foster,rachel23@example.com,2006-12-16,Ethiopia,122-54-8013,False
S0830,Rebecca Klein,karen68@example.net,2006-06-28,Tajikistan,846-50-2154,True
S0831,Brian Smith,mauricesmith@example.net,1997-07-22,Philippines,850-44-7040,False
S0832,Nancy Hamilton,justin16@example.org,2002-07-06,Saint Lucia,524-24-4088,True
S0833,Brian Baker,elizabethpatterson@example.com,2003-09-01,Sudan,106-90-8231,True
S0834,Chelsea Bond,jeromeanderson@example.org,1998-01-16,Congo,150-55-0290,False
S0835,Ann Williams,swarren@example.net,2007-03-23,Cyprus,345-55-7852,True
S0836,Jeffery Williams,adamsjuan@example.com,2003-09-25,Egypt,328-07-2978,True
S0837,Anthony Garner,justinramirez@example.net,1995-10-17,Colombia,259-63-5957,False
S0838,Brian Caldwell,markfigueroa@example.com,2004-02-21,Namibia,542-78-6089,False
S0839,Donald Silva,eatondavid@example.net,2002-04-22,Armenia,601-84-3121,False
S0840,Jeremy Garcia,kevin73@example.net,2003-11-08,Aruba,131-25-6852,False
S0841,Dawn Wiley,patricia71@example.com,1995-05-13,Italy,537-65-0359,True
S0842,Donald Ponce,brandon90@example.net,1996-12-15,Suriname,408-64-8724,False
S0843,Valerie Martin,yhart@example.com,2002-05-18,Costa Rica,189-01-2622,False
S0844,Leslie Smith,ugordon@example.net,1997-11-05,Timor-Leste,226-38-4400,False
S0845,Carolyn Williams,kellybowman@example.com,2006-07-15,Faroe Islands,895-07-4080,False
S0846,Christine Wilson DDS,mark84@example.net,1996-03-21,Ukraine,627-38-5319,True
S0847,Miss Alexandra Kelly,gregory08@example.net,2007-03-17,Slovakia (Slovak Republic),800-75-1744,True
S0848,Melissa Bautista,molly98@example.org,2005-02-06,Cyprus,333-35-3342,True
S0849,Rhonda Mullins,seanblair@example.com,1999-04-11,United Arab Emirates,491-12-8126,False
S0850,Cody Huffman,ashleyharding@example.org,2002-11-25,Angola,318-21-2912,True
S0851,Melissa Lopez,charlessanchez@example.net,2007-02-05,Bolivia,742-68-2250,True
S0852,Rhonda Morrison,hcruz@example.org,2004-05-28,Norway,045-17-4069,False
S0853,Debra Mays,sparksalbert@example.org,2001-07-14,Svalbard & Jan Mayen Islands,347-91-1393,True
S0854,John Hart,tochoa@example.com,2000-09-15,Ecuador,058-70-4383,True
S0855,Barbara Bryan,stephenscurtis@example.com,1996-04-29,United States Minor Outlying Islands,230-04-3714,False
S0856,Charles Rios,sandracohen@example.net,2005-12-23,Swaziland,116-63-2779,True
S0857,Courtney Huber MD,gilbertdavid@example.org,2006-02-15,Netherlands,155-23-7023,False
S0858,Linda Shelton,patriciamcdaniel@example.net,2005-02-09,Guernsey,897-14-4442,True
S0859,Mary Cantu,mccormickmichelle@example.org,2004-08-04,Cameroon,328-19-6400,True
S0860,Robert Bray,wilsonronald@example.net,1998-02-07,Bermuda,331-17-2980,False
S0861,Heather Snyder,asteele@example.net,2004-10-18,Grenada,142-84-4029,True
S0862,Joshua Ryan,opatel@example.com,1995-07-28,Saint Barthelemy,432-68-9468,False
S0863,Roberta Robinson,youngaaron@example.org,1999-03-12,Lebanon,137-15-0977,False
S0864,Heather Atkinson,kenneththomas@example.net,2007-02-12,United States Minor Outlying Islands,432-32-3453,False
S0865,Amy Taylor,nicholasjohnson@example.com,1999-04-25,Reunion,109-85-9530,False
S0866,Ryan Harrell,thomasdonald@example.org,1995-06-26,Montenegro,852-54-2453,True
S0867,Julie Taylor,theodore57@example.net,2003-07-10,France,114-20-0984,True
S0868,Amanda Potter,alexwall@example.net,2006-10-23,Korea,568-92-4228,False
S0869,Kathryn Fletcher,rhuynh@example.org,2001-04-06,Zambia,129-96-3472,True
S0870,Anthony Long,velasqueztaylor@example.com,2002-12-20,Iraq,848-49-2701,True
S0871,Jacob Coleman,daniel15@example.net,2004-08-09,Grenada,029-31-4624,True
S0872,Brian Lewis,avilakyle@example.net,1997-02-07,Vanuatu,034-31-4411,True
S0873,Kelly Williams,uwilliams@example.org,2006-09-30,Algeria,366-97-4627,False
S0874,Kathryn Edwards,iswanson@example.net,2003-04-03,Greenland,418-95-8251,True
S0875,Robert Hernandez,cwoods@example.com,1996-07-30,Pitcairn Islands,475-11-1529,False
S0876,Crystal Lewis,kaylamartin@example.net,2001-03-12,Saint Lucia,624-84-8574,True
S0877,Gloria Floyd,kelly96@example.org,2006-01-22,Singapore,700-50-3918,True
S0878,Leroy Jones,ashleygamble@example.org,2004-12-10,Cambodia,785-40-8965,False
S0879,Rebecca Jacobson,udavis@example.org,2006-08-16,Central African Republic,070-36-9446,False
S0880,Brandon White,escott@example.com,2004-05-27,Kenya,667-18-2032,False
S0881,Katherine Cox,richard92@example.com,1999-04-02,Tanzania,640-41-6123,False
S0882,Jason Cole,oliverdawn@example.net,2004-10-04,Reunion,841-72-0131,True
S0883,Brian Bennett,onash@example.com,2005-11-05,Paraguay,096-45-7633,False
S0884,Joseph Cardenas,millerjessica@example.com,2004-06-20,Cook Islands,412-43-1057,False
S0885,Zachary Tucker,dwilson@example.org,2001-07-27,Yemen,482-19-3498,True
S0886,Andre Burke,zbrown@example.com,2004-09-29,Lebanon,219-07-3466,True
S0887,Tiffany Sutton,johnny21@example.org,1995-05-20,Iraq,084-39-7397,False
S0888,Kelly Caldwell,jack01@example.com,1998-12-05,Sao Tome and Principe,305-22-3254,False
S0889,Jason Alvarez,tammykim@example.net,2001-11-23,Swaziland,011-72-9784,False
S0890,Nathan Lane,mariodowns@example.net,2004-02-20,Saint Pierre and Miquelon,751-41-0233,False
S0891,Jimmy Hernandez,daniel64@example.net,2003-11-15,Korea,853-17-7362,False
S0892,Laura Johnson,robertpayne@example.org,2002-04-18,Cuba,357-27-3132,False
S0893,Laura Smith,allen48@example.org,2003-07-29,Pakistan,467-53-6724,False
S0894,Ronald Simmons,daniel27@example.com,1999-05-02,Micronesia,610-21-8893,True
S0895,Dustin Keller,swalters@example.net,2006-09-04,United Kingdom,878-13-1436,False
S0896,Ashley Banks,vgarcia@example.net,2006-07-15,Bolivia,649-57-8248,False
S0897,Amanda Roberts,xlewis@example.com,2001-08-26,Brazil,201-61-2039,True
S0898,Riley Marshall,xsmith@example.org,2001-01-29,Ethiopia,675-34-5037,True
S0899,Rebecca Perry,adamstout@example.org,1994-09-07,Cape Verde,810-48-8503,False
S0900,Lindsay Rogers,zallen@example.org,2002-06-30,India,849-07-9468,False
S0901,Todd Myers,richardflores@example.org,2000-03-02,Bolivia,728-17-8262,False
S0902,Kenneth Myers,mary25@example.org,1995-09-11,Anguilla,448-02-9721,False
S0903,Luke Stephens,armstronganthony@example.net,1996-03-06,Korea,650-81-5868,True
S0904,Matthew Walker,amandasanchez@example.com,2004-06-30,Palestinian Territory,053-36-1360,False
S0905,Lori Little,rodriguezsara@example.org,1995-11-16,Finland,269-24-1521,False
S0906,Ryan Durham,peterhenry@example.org,1999-11-11,Libyan Arab Jamahiriya,641-10-3446,True
S0907,Jaime Edwards,lstokes@example.com,1994-08-13,Christmas Island,676-73-9940,True
S0908,Autumn Cooper,timothy99@example.net,1994-07-19,Mali,760-33-1993,False
S0909,Allen Johnson,javierdiaz@example.org,1994-11-13,Burundi,226-11-2074,False
S0910,John Ashley,jean47@example.net,2004-12-31,Jordan,525-52-3164,True
S0911,Craig Mathis,suzanne19@example.net,1998-07-14,South Africa,211-93-7993,False
S0912,Jeremy Carlson,lisa91@example.net,1999-06-18,Cook Islands,581-46-6127,True
S0913,Sabrina Cole,rubiojohnny@example.com,1998-04-19,Sweden,899-83-8692,True
S0914,Allen White,ruben25@example.org,1995-06-05,Palestinian Territory,381-48-2377,False
S0915,Barbara Flores,lovejason@example.net,2004-10-26,United Arab Emirates,239-72-1086,True
S0916,Lance Rose,hoffmanjennifer@example.net,1995-06-16,Uganda,662-54-7131,True
S0917,Francisco Gonzalez,rjimenez@example.com,1996-01-13,Korea,176-77-5356,True
S0918,Cynthia Smith,schneidermelissa@example.org,2006-05-02,Finland,135-52-0607,False
S0919,Tamara Williams,jonescody@example.com,2003-11-20,Falkland Islands (Malvinas),325-97-5666,False
S0920,Justin Edwards,longheather@example.com,2000-11-23,Norway,125-48-1684,True
S0921,Anthony Smith,holdermichelle@example.net,2000-02-23,Chile,091-25-6044,False
S0922,Kimberly Smith,greenkristen@example.org,1995-02-08,Gabon,077-34-5396,True
S0923,Rebecca Gray,sarasilva@example.org,1996-02-15,Tokelau,152-97-9571,True
S0924,Tracy Gutierrez,hbarnett@example.net,1997-08-11,Lesotho,678-63-4597,False
S0925,Nicholas Perez,katie15@example.net,2005-05-06,Ecuador,676-83-3374,False
S0926,Angela Simpson,alexanderrobinson@example.com,1996-12-04,Bosnia and Herzegovina,349-27-9676,False
S0927,Kayla Edwards,jeanette28@example.org,2006-05-14,Cyprus,373-50-7413,True
S0928,Kayla Deleon,caseyhenderson@example.net,1998-06-23,Trinidad and Tobago,592-83-1673,True
S0929,Shawn Mcgee,allenmurray@example.com,1994-11-08,Panama,544-58-5767,True
S0930,Timothy Miller,zlewis@example.net,2000-01-31,Grenada,055-57-4467,False
S0931,Anthony Reyes,mlee@example.com,1996-10-11,Falkland Islands (Malvinas),543-78-8088,False
S0932,Ashley Williams,susanrobinson@example.org,2006-02-12,Morocco,273-31-1079,True
S0933,Desiree Andrade,gmyers@example.org,2004-01-09,Turkmenistan,709-35-8113,False
S0934,Richard Bailey,janice40@example.org,1996-11-20,United States of America,718-80-7812,False
S0935,Sarah Watts,lesliejones@example.org,1998-10-20,Korea,146-02-7776,False
S0936,Alex Mccann,jacksonkathleen@example.org,2002-03-16,Lebanon,598-01-8001,False
S0937,Kaitlyn Williams,bradleyveronica@example.org,2001-04-23,Chad,774-19-1539,True
S0938,Robert Rogers,inavarro@example.com,2003-02-08,El Salvador,374-59-0223,False
S0939,Elizabeth Cook,rrodriguez@example.net,2003-12-13,Angola,152-53-3609,True
S0940,Brenda Jimenez,beckydominguez@example.com,1999-02-26,Samoa,092-25-6190,True
S0941,Tracie Wiley,harcher@example.org,1997-12-06,Philippines,358-43-6407,True
S0942,Theresa Hill,blakemeyer@example.com,2005-04-29,British Virgin Islands,444-59-9285,False
S0943,Rebecca Roberts,portergina@example.com,2003-05-03,Mali,297-80-9145,False
S0944,Elizabeth Roberts,alexis03@example.com,2005-03-19,British Virgin Islands,055-63-5011,True
S0945,Harold Flowers,kingmichael@example.com,2004-09-09,Macao,682-99-9188,False
S0946,Brandon Nelson,ryanhull@example.com,1997-04-30,Lebanon,364-32-6329,True
S0947,Walter Garcia,samantha94@example.org,2001-10-24,Philippines,897-42-9473,False
S0948,Randall Wright,tspencer@example.com,1995-08-06,Montenegro,644-60-8943,True
S0949,Richard Bass,taylorscott@example.com,2001-01-12,Poland,730-46-7674,False
S0950,John Ali,jjohnson@example.org,2006-12-06,Italy,091-97-2304,False
S0951,Elizabeth Sanchez,david89@example.com,1995-03-07,Tanzania,403-17-6602,False
S0952,Julie Hines,fcombs@example.org,1997-12-29,Pakistan,110-43-9738,False
S0953,Dylan Olson,michelle19@example.net,2001-02-14,Saint Barthelemy,055-90-3360,False
S0954,Kristina Coffey,jeffreylowe@example.org,1998-05-24,Georgia,737-01-7946,True
S0955,Christina Jones,cassandramartinez@example.org,1997-09-11,Bosnia and Herzegovina,486-04-8288,True
S0956,Anthony Martinez,lwebb@example.org,2005-06-04,Mayotte,267-79-7195,False
S0957,Lisa Reynolds,lopezlori@example.net,1997-08-11,Malawi,760-90-8957,True
S0958,John Roberts,haleytrevor@example.net,1998-01-22,Hungary,715-14-7602,False
S0959,Jeffery Johnson,ywilson@example.org,2002-01-11,Antigua and Barbuda,661-84-7283,True
S0960,Terry Estes,dkhan@example.com,1994-08-08,Cayman Islands,367-65-8245,True
S0961,Steven Warren,thompsonedward@example.net,2003-10-31,Guadeloupe,471-92-2295,False
S0962,Phillip Turner,pjones@example.com,1999-05-18,Latvia,621-85-2956,False
S0963,Tammy Rowe,david59@example.net,1999-01-03,Niger,850-52-1108,False
S0964,Samuel Moore,ortegavictor@example.net,2000-09-04,Senegal,238-99-3877,True
S0965,Spencer Chandler,acampos@example.org,1995-04-16,El Salvador,118-05-1195,True
S0966,James Welch,mcleanmanuel@example.net,2000-04-29,Burkina Faso,653-74-9118,True
S0967,David Kim,jeremiah26@example.net,2004-12-29,Congo,089-75-0398,True
S0968,Mary Harris,patriciaward@example.com,2001-11-14,Tonga,074-44-3037,False
S0969,Tina Chandler,nlee@example.net,2005-03-29,Macao,361-46-9154,False
S0970,Rebecca Gonzales,ksawyer@example.org,1996-02-19,Maldives,306-13-1933,True
S0971,Mr. Joshua Johnson PhD,sandra46@example.net,1999-02-19,Tunisia,893-21-4720,True
S0972,Kenneth Castaneda,reginald08@example.net,2006-01-28,Myanmar,483-34-0492,True
S0973,Jason Gonzalez,tayloramy@example.net,1998-10-07,Saudi Arabia,680-08-3861,True
S0974,Robert Elliott DDS,reedchad@example.com,2002-04-05,New Zealand,083-71-7845,False
S0975,Debra Williams,crawfordjeffrey@example.com,2000-02-03,Gabon,801-30-0352,False
S0976,Allison Casey,amandadalton@example.net,2003-05-15,Andorra,566-62-0855,False
S0977,James Martinez,hdunn@example.com,1996-01-07,Nicaragua,377-46-3173,False
S0978,Thomas Allen,chapmanjeremy@example.net,2004-04-07,Sri Lanka,813-69-9307,True
S0979,Robert Marks,lisajones@example.org,2000-03-08,Finland,045-41-5729,False
S0980,Stephanie Bolton,catherinemendoza@example.org,2003-01-07,Belarus,257-70-3373,True
S0981,Nicholas Kelly DVM,scottturner@example.com,2004-08-16,French Guiana,890-84-4002,False
S0982,Debra Wolfe,brownrachel@example.net,2006-11-03,Libyan Arab Jamahiriya,287-11-3336,False
S0983,Sarah Meyer,judy31@example.com,2003-11-27,Solomon Islands,146-05-3852,False
S0984,Marie Chavez,smithmary@example.com,1998-02-04,Hungary,308-11-0979,True
S0985,Leonard Simpson,ccruz@example.org,1997-02-26,Colombia,676-56-8725,False
S0986,Eric Weaver,sharon95@example.com,2005-01-06,Nauru,222-97-0449,True
S0987,Ronald Hamilton,vpatton@example.org,2004-12-23,Micronesia,398-93-4710,False
S0988,Teresa Ford,francisco67@example.net,2007-05-21,Dominica,136-02-4599,False
S0989,Tiffany Miller,kelseyphillips@example.net,1999-08-12,Nicaragua,281-47-4404,True
S0990,Rachel Patrick,martinezashley@example.com,2005-05-08,Tanzania,184-57-7582,False
S0991,Adam Johnson,timothy83@example.com,1995-03-31,Wallis and Futuna,082-36-9035,True
S0992,Austin White,jordan72@example.org,2002-09-04,Cameroon,893-80-0813,False
S0993,Matthew Lopez,criley@example.net,2003-10-23,Bahamas,732-34-4218,False
S0994,Ryan Atkinson,burkemichael@example.org,2001-01-26,Bouvet Island (Bouvetoya),524-10-3883,True
S0995,Kelly Calderon,bjones@example.com,1996-05-05,Greece,622-47-5489,False
S0996,Stephanie Brooks,christy25@example.org,1998-04-07,Canada,606-04-1741,False
S0997,Rhonda Dixon,shelby69@example.org,2003-01-09,Canada,391-98-1286,True
S0998,Tina Gay,hryan@example.net,2004-11-09,New Caledonia,484-85-8593,True
S0999,Emily Lee,rhonda53@example.com,1997-06-26,Germany,767-15-3950,False
